Date,Category,FullName,Email,Country,State,City,Currency,Amount
2023-03-06 09:49:27+00:00,,0,0,,0,0,EUREUR,33.03
2023-03-24 10:18:38+00:00,,0,0,,0,0,CHFEURCHF,192.56
2023-04-05 07:13:52+00:00,,0,0,,0,0,EUR,16.95
2023-05-08 08:18:37+00:00,,0,0,,0,0,EUR,16.95
2023-05-09 02:36:50+00:00,,Oksana Patrina,opatrina77@gmail.com,,0,0,USD,1.0
2023-05-09 02:36:51+00:00,,Oksana Patrina,opatrina77@gmail.com,US,NY,Brooklyn,USDUSD,1.94
2023-05-09 02:40:36+00:00,,Dmytro Zakhalyavko,dmkavun@gmail.com,,0,0,USD,1.46
2023-05-09 02:46:40+00:00,,Dmytro Zakhalyavko,dmkavun@gmail.com,,0,0,USD,0.72
2023-05-11 02:13:07+00:00,,Oksana Patrina,opatrina77@gmail.com,,0,0,USD,3.39
2023-05-11 02:32:27+00:00,,Oksana Patrina,opatrina77@gmail.com,US,NY,Brooklyn,USD,1.45
2023-05-11 02:56:13+00:00,General,Oksana Patrina,opatrina77@gmail.com,US,NY,Brooklyn,USD,2.42
2023-05-11 03:02:00+00:00,1000 Drones for Ukraine,Oksana Patrina,opatrina77@gmail.com,,0,0,USD,4.37
2023-05-11 05:24:37+00:00,General,Oksana Patrina,opatrina77@gmail.com,,0,0,USD,1.94
2023-05-11 05:37:16+00:00,Mobile Shower Laundry Units,Oksana Patrina,opatrina77@gmail.com,,0,0,USD,2.91
2023-05-12 05:24:28+00:00,General,Denys Bulgak,bulgakden@gmail.com,,0,0,USD,47.31
2023-05-12 17:48:41+00:00,General,Mykola Zagorodnov,zagorodnov@gmail.com,,0,0,USD,19.68
2023-05-14 13:07:54+00:00,General,Vitaliia Mykhailenko,vitaliya.dress@gmail.com,,0,0,USD,19.68
2023-05-14 13:44:26+00:00,General,Serhiy Solomko,sant353@hotmail.com,,0,0,USD,4.91
2023-05-14 13:47:25+00:00,General,Slava Petrov,slavapetrov@yahoo.com,,0,0,USD,19.1
2023-05-14 13:52:53+00:00,General,Andrej Blum,chersonauto1980@gmail.com,,0,0,USD,18.63
2023-05-14 21:57:50+00:00,General,Konstantin Zagrebin,zkonsti@hotmail.com,,0,0,USD,50.0
2023-05-15 15:16:07+00:00,General,Alexander Akhmedov,tykhova@yahoo.com,,0,0,USD,9.07
2023-05-15 15:18:21+00:00,General,Oleg Gudanets,gudanets.oleg@gmail.com,,0,0,USD,35.0
2023-05-15 15:47:33+00:00,General,Oleh Khoruzhenko,o0oxid@gmail.com,,0,0,USD,48.06
2023-05-15 17:00:58+00:00,General,Ievgen Morskyi,chucky88@gmail.com,,0,0,USD,196.91
2023-05-16 11:10:54+00:00,General,Slava Petrov,slavapetrov@yahoo.com,,0,0,USD,9.38
2023-05-16 11:42:18+00:00,General,Sven Ruuvet,sven.rufi@gmail.com,,0,0,USD,20.75
2023-05-16 21:49:20+00:00,1000 Drones for Ukraine,Olga Westfall,olgawestfall77@gmail.com,,0,0,USD,200.0
2023-05-17 04:41:58+00:00,General,Igor Rubets,igor.rubets@gmail.com,,0,0,USD,295.36
2023-05-18 04:24:59+00:00,1000 Drones for Ukraine,Andrii Hresko,hresko21@gmail.com,US,NY,Brooklyn,USD,150.0
2023-05-18 08:56:11+00:00,1000 Drones for Ukraine,Yuliya Roberts,Yuliyaroberts@gmail.com,US,KY,Crestwood,USD,100.0
2023-05-19 01:45:41+00:00,General,Yukhym Chupakhin,efiro11@gmail.com,US,NY,Brooklyn,USD,48.06
2023-05-19 04:31:14+00:00,General,Yuliia Muraieva,korolek131@gmail.com,UA,0,Ukraine,USD,9.07
2023-05-19 05:18:37+00:00,General,Anna Laot,anna.laot65@gmail.com,FR,0,Plouguin,USD,24.61
2023-05-19 08:17:00+00:00,General,Darya Marchuk,dashamarchuk@icloud.com,DK,0,Kolding,USD,18.63
2023-05-19 08:58:21+00:00,General,Iryna Zheliznyak,iryna.zhelizniak@gmail.com,DE,0,Berlin,USD,19.68
2023-05-19 08:59:16+00:00,General,Mariia Solomina,masha.solomina@gmail.com,DE,0,Munich,USD,4.91
2023-05-19 09:00:08+00:00,General,Larysa Andrieieva,andreeva.la.fd@gmail.com,UA,0,Ivano-Frankivsk,USD,2.38
2023-05-19 09:07:51+00:00,General,polina istomina,polina.istomina@gmail.com,GB,0,London,USD,47.31
2023-05-19 09:28:30+00:00,1000 Drones for Ukraine,Matteo Canori,matteo.canori@hotmail.it,IT,0,Velletri,USD,9.84
2023-05-19 09:28:40+00:00,General,Yuliia Cherniavska,777orlovachernyavskaya777@gmail.com,DE,0,Gießen,USD,14.76
2023-05-19 09:35:54+00:00,General,Nadiya Vertebna,nadiya-vertebna@web.de,BE,0,St GEORGEN I. SCHW.,USD,98.45
2023-05-19 10:00:15+00:00,General,Iryna Schommartz,iryna.kyrychuk@googlemail.com,DE,0,Maintal,USD,98.45
2023-05-19 10:23:19+00:00,General,Aliaksandr Radzivanovich,aradzivanovich@gmail.com,PL,0,Kraków,USD,98.45
2023-05-19 10:38:09+00:00,General,Anna Bakanova,bakanova.anna@gmail.com,US,MA,City,USD,50.0
2023-05-19 11:04:04+00:00,General,Anna Vaszuhno,anna.vasuhno@gmail.com,GB,0,London,USD,9.07
2023-05-19 11:47:54+00:00,General,Viktoria Wochmin,gamula.v@googlemail.com,DE,0,Wetzlar,USD,9.07
2023-05-19 11:49:33+00:00,General,Tatiana Vorozhko,TetianaV@gmail.com,US,VA,Falls Church,USD,96.62
2023-05-19 12:17:58+00:00,General,Oleksii Aleinikov,alex333muz@gmail.com,DE,0,Potsdam,USD,18.63
2023-05-19 12:22:36+00:00,General,Ivana Lotoshynski,ilotoshynski@gmail.com,US,NJ,Woodland Park,USD,50.0
2023-05-19 13:31:18+00:00,General,Marta Farion,marta@farion.org,US,IL,Chicago,USD,100.0
2023-05-19 13:41:56+00:00,General,Olena Romanova,olena.romanova.ph@gmail.com,DE,0,Mainz,USD,29.53
2023-05-19 13:50:50+00:00,General,Marharyta Lisovenko,margarita.lisovenko@gmail.com,US,IL,Bolingbrook,USD,30.0
2023-05-19 14:31:25+00:00,General,Mariia Prokopenko,mariia.prokopenko@protonmail.com,,0,0,USD,18.63
2023-05-19 15:00:33+00:00,General,Yuriy Tsybenko,tsybay@gmail.com,CA,QC,Anjou,USD,98.45
2023-05-19 20:54:23+00:00,General,Olga Vysotska,olga@psypub.com,GB,0,Surbiton,USD,47.31
2023-05-19 22:40:43+00:00,1000 Drones for Ukraine,Aleksandra Driscoll,sashadriscoll@gmail.com,US,MA,LEXINGTON,USD,23.79
2023-05-19 22:53:08+00:00,1000 Drones for Ukraine,Vladimir douhovnikoff,vlad@bowdoin.edu,US,ME,Brunswick,USD,28.64
2023-05-20 00:54:26+00:00,General,Konstantin Zagrebin,zkonsti@hotmail.com,US,NY,Seaford,USD,50.0
2023-05-20 02:44:35+00:00,,0,0,,0,0,USD,2300.0
2023-05-20 04:31:42+00:00,General,Yevhen Yaremenko,eugeneyr@gmail.com,US,CA,Walnut Creek,USD,50.0
2023-05-20 12:42:10+00:00,General,Ihor Marushchak,ihor.marushchak@gmail.com,US,NY,New York,USD,96.62
2023-05-20 14:06:05+00:00,General,Pavlo Mileshchenko,pavlo.mileshchenko@gmail.com,US,NJ,RIDGEFIELD,USD,300.0
2023-05-20 16:32:48+00:00,1000 Drones for Ukraine,Griffin Garcia,griffinmgarcia@gmail.com,US,NY,New York,USD,9.22
2023-05-20 17:35:04+00:00,1000 Drones for Ukraine,Denis Poretsky,denisporetsky@gmail.com,US,NY,Kew gardens,USD,100.0
2023-05-20 18:23:52+00:00,1000 Drones for Ukraine,Yuliia Rusianovska,rusyanovskayuliya@gmail.com,US,NY,Brooklyn,USD,30.0
2023-05-20 18:25:05+00:00,Veteranius,Yuliia Rusianovska,rusyanovskayuliya@gmail.com,,0,0,USD,20.0
2023-05-20 18:44:26+00:00,General,Alexander Dantsiger,alidanziger@gmail.com,DE,0,Berlin,USD,117.54
2023-05-20 19:27:56+00:00,1000 Drones for Ukraine,Anastasiya Kargina,anastasiakargina@yahoo.com,US,NJ,West New York,USD,25.0
2023-05-20 20:05:51+00:00,,Oksana Korposh,ksanulya1973@gmail.com,US,NY,Brooklyn,USD,97.01
2023-05-20 23:12:48+00:00,General,Dmitro Zagrebenyev,zdmitro@gmail.com,US,MD,CLARKSBURG,USD,40.0
2023-05-21 12:03:48+00:00,General,Olha Boiko,ollhaboiko@gmail.com,PL,0,Krakow,USD,24.61
2023-05-21 15:44:44+00:00,1000 Drones for Ukraine,Yaroslav Sobol,ericsobol94@gmail.com,US,MA,Brighton,USD,9.22
2023-05-21 16:29:05+00:00,1000 Drones for Ukraine,Oksana Bazylevych,Oksana.Bazilevich@gmail.com,US,NY,Brooklyn,USD,48.06
2023-05-21 16:54:59+00:00,General,Mariia Dobko,md927@cornell.edu,US,NY,New York,USD,9.22
2023-05-21 17:09:20+00:00,,Yuliya Caracciolo,ellemandora@gmail.com,US,NY,Forest Hills,USD,97.01
2023-05-21 17:29:36+00:00,,Sergii Kishchenko,sergey.kishchenko@gmail.com,US,NJ,Jersey City,USD,48.5
2023-05-21 18:02:47+00:00,Veteranius,Roman Stadnyk,ridgeroman.st@gmail.com,,0,0,USD,9.22
2023-05-21 18:03:19+00:00,,Tamara,tamara.samilenko@gmail.com,US,NY,New York,USD,97.01
2023-05-21 18:08:58+00:00,1000 Drones for Ukraine,Dmytrii Berezhnyi,berezhnyi.d.m@gmail.com,US,NY,New York,USD,18.93
2023-05-21 18:31:14+00:00,1000 Drones for Ukraine,Nadine Mass,nmassmsw@aol.com,US,NJ,Maywood,USD,28.64
2023-05-21 19:21:22+00:00,,Alina Mazulnykova,mazulnikova9595@gmail.com,US,NY,Brooklyn,USD,19.4
2023-05-21 20:14:58+00:00,,Ilya Rabich,ilya.rabich@gmail.com,US,NY,New York,USD,38.8
2023-05-21 20:59:31+00:00,General,Green Ermine LLC,info@greenermine.com,US,NY,BROOKLYN,USD,50.0
2023-05-21 21:08:01+00:00,General,Oleg Kenig,kenig.oleg.usa@gmail.com,US,HI,Honolulu,USD,10.0
2023-05-21 21:26:56+00:00,1000 Drones for Ukraine,Victor Paskhaver,paskhaver@yahoo.com,US,NY,New York,USD,96.62
2023-05-21 21:43:48+00:00,General,Henry Farrell,farrell.henry01@gmail.com,US,NY,New York,USD,10.0
2023-05-21 22:10:03+00:00,1000 Drones for Ukraine,Mariana Gutnyk,nanagyt@gmail.com,US,NY,Brooklyn,USD,20.0
2023-05-21 22:54:22+00:00,1000 Drones for Ukraine,Oscar Turrubiates,turru007@gmail.com,US,NJ,Union City,USD,9.22
2023-05-22 15:08:29+00:00,General,Oleh Khoruzhenko,o0oxid@gmail.com,US,TX,Leander,USD,96.62
2023-05-22 15:52:37+00:00,General,Olha Lavoryk,olhalavoryk@gmail.com,DE,0,Karlsruhe,USD,9.84
2023-05-23 18:13:50+00:00,,0,0,,0,0,USD,1700.0
2023-05-24 21:46:29+00:00,General,Alexander Akhmedov,tykhova@yahoo.com,CH,0,Eglisau,USD,9.84
2023-05-24 22:31:53+00:00,General,Slava Petrov,slavapetrov@yahoo.com,US,IN,Westport,USD,19.17
2023-05-24 22:57:38+00:00,General,GMATCLUB,payments@gmatclub.com,US,WA,Kirkland,USD,23.79
2023-05-25 01:20:35+00:00,General,Svitlana Senenko,ssenenko@gmail.com,US,NJ,Ewing,USD,100.0
2023-05-25 07:39:52+00:00,General,Vyacheslav Pyatnytskyy,pyatnyskyy@gmail.com,FI,0,Kimo,USD,95.12
2023-05-25 14:27:42+00:00,General,Bohdana Kruk-Weidner,bohdana.krukweidner@gmail.com,DE,0,Haimhausen,USD,246.13
2023-05-25 17:17:34+00:00,General,Stephen Husiak,sphusiak@gmail.com,US,NY,BROOKLYN,USD,200.0
2023-05-26 09:45:55+00:00,General,Anna Cherniak,Acherniak88@gmail.com,PL,0,Zabrze,USD,44.290000000000006
2023-05-27 06:39:11+00:00,General,Artem Karpenko,gooyozh@gmail.com,EE,0,Tallinn,USD,95.12
2023-05-27 10:19:27+00:00,General,Mariya Donska,donskaest@gmail.com,AT,0,Graz,USD,29.53
2023-05-27 15:34:29+00:00,General,Gennadiy Arnautov,g.arnautovcpa@gmail.com,US,FL,Lake Worth,USD,96.62
2023-05-27 17:11:06+00:00,Victory Drones,Olga Westfall,olgawestfall77@gmail.com,,0,0,USD,100.0
2023-05-27 18:01:25+00:00,General,Ruslan Monchuk,monchuk@gmail.com,DE,0,Hilden,USD,24.61
2023-05-28 18:15:32+00:00,General,Eva Horbenko,eva.horbenko@gmail.com,UA,0,Berlin,USD,9.84
2023-05-29 09:54:30+00:00,General,Olha Boiko,ollhaboiko@gmail.com,PL,0,Krakow,USD,18.63
2023-05-29 12:38:33+00:00,,0,0,,0,0,USD,0.97
2023-05-30 00:49:22+00:00,General,Lyuba Timoff,timlyuba@gmail.com,US,PA,Philadelphia,USD,100.0
2023-05-30 01:46:35+00:00,1000 Drones for Ukraine,Oksana Bazylevych,Oksana.Bazilevich@gmail.com,US,NY,Brooklyn,USD,100.0
2023-06-02 13:06:03+00:00,General,SANDRA KUNANEC-SWARNYK,SKUNANEC@GMAIL.COM,CA,ON,North York,USD,71.22
2023-06-02 15:37:29+00:00,General,Natalia Brandafi,nbrandafi@gmail.com,US,NJ,Matawan,USD,96.62
2023-06-03 18:27:46+00:00,General,Olha Boiko,ollhaboiko@gmail.com,PL,0,Krakow,USD,29.53
2023-06-04 05:34:23+00:00,General,Yelena Zotova,yxz33@psu.edu,US,PA,State College,USD,50.0
2023-06-04 19:13:29+00:00,General,Halyna Kryvetska,haliakryvetska@gmail.com,FR,0,Versailles,USD,98.45
2023-06-05 07:05:56+00:00,General,polina istomina,polina.istomina@gmail.com,GB,0,London,USD,190.73
2023-06-05 17:06:01+00:00,1000 Drones for Ukraine,Galyna Zakhalyavko,zakhalyavko@hotmail.com,US,NJ,Middletown,USD,250.0
2023-06-05 20:32:31+00:00,General,Denys Bulgak,bulgakden@gmail.com,FI,0,PÄLKÄNE,USD,47.31
2023-06-06 01:47:05+00:00,,0,0,,0,0,USD,2000.0
2023-06-06 10:51:33+00:00,General,Margaryta Baumann-Gaydarzhy,m.gaydarzhy@gmail.com,DE,0,Jossgrund,USD,4.29
2023-06-06 18:19:41+00:00,General,Natalia Bogataia,natalia.bogataya@gmail.com,US,NJ,East Brunswick,USD,9.22
2023-06-06 20:29:27+00:00,General,Maryna Loznieva,maryna.loznieva@gmail.com,DE,0,Koblenz,USD,47.31
2023-06-07 04:01:24+00:00,General,Roman Sapozhnikov,borodatiy@yahoo.com,US,OH,WESTLAKE,USD,96.62
2023-06-07 10:25:25+00:00,General,Irina Mindlina,i-mindlina@yandex.ru,GB,0,London,USD,19.68
2023-06-07 15:50:44+00:00,General,Oksana Lytvyn,oksatk@gmail.com,US,NJ,Fair lawn ,USD,48.06
2023-06-07 20:26:51+00:00,General,Julia Shchukina,shchukina.julia@gmail.com,DE,0,Bad Soden ,USD,68.35
2023-06-07 20:57:17+00:00,General,Iryna Kostiuk,irina0637335783@gmail.com,UA,0,Kyiv,USD,286.34
2023-06-08 13:55:50+00:00,General,Olha Boiko,ollhaboiko@gmail.com,PL,0,Krakow,USD,19.68
2023-06-08 15:01:46+00:00,General,Olya Pierce,olgaua80@icloud.com,US,TX,The Woodlands ,USD,23.79
2023-06-08 15:05:19+00:00,General,Iryna Schommartz,iryna.kyrychuk@googlemail.com,DE,0,Maintal,USD,98.45
2023-06-08 18:27:03+00:00,General,Julie Muchnik,jmylnarsky@gmail.com,US,PA,Coopersburg,USD,96.62
2023-06-08 20:36:17+00:00,Victory Drones,Darya Marchuk,dashamarchuk@icloud.com,,0,0,USD,49.22
2023-06-09 03:37:00+00:00,,0,0,,0,0,USD,1000.0
2023-06-09 13:20:51+00:00,Victory Drones,Maryna Trubnikova,trubnikova.maryna@gmail.com,,0,0,USD,98.45
2023-06-09 13:29:14+00:00,General,Milda Ulozaite,milda.ulozaite@inbox.lt,DE,0,Vienna,USD,19.68
2023-06-09 16:17:46+00:00,General,valeriia honcharenko,qjl4918@gmail.com,US,TX,Bedford,USD,50.0
2023-06-10 04:53:30+00:00,General,Dmytro Symochko,dmytro.symochko@gmail.com,DE,0,Erlangen,USD,14.76
2023-06-10 06:21:48+00:00,General,Anna Klapiichuk,anna_klapiichuk@hotmail.com,DE,0,Düsseldorf,USD,9.84
2023-06-10 07:04:02+00:00,General,Kateryna Korol,kateryna.korol@gmail.com,FR,0,Paris,USD,18.63
2023-06-10 07:26:19+00:00,General,Natalya Ryabinska,nryabinska@yahoo.com,PL,0,Warsaw,USD,49.22
2023-06-10 08:27:47+00:00,General,olga nedostup,onedostup@gmail.com,DE,0,Hamburg,USD,9.07
2023-06-10 08:41:38+00:00,General,Anastasiia Mikheienko,foreverjazz@gmail.com,UA,0,Kyiv,USD,95.12
2023-06-10 09:21:38+00:00,General,Ivan Shved,ivan.shwed@gmail.com,UA,0,Kyiv,USD,18.76
2023-06-10 10:28:04+00:00,General,Liudmyla Yefremova,lyurchuk74@gmail.com,DE,0,Berlin,USD,98.45
2023-06-10 10:52:27+00:00,General,Sergey Budkin,sergey.budkin@finpoint.biz,AU,0,Burraneer,USD,95.12
2023-06-10 12:11:02+00:00,General,Eugene Misko,webrobota@gmail.com,UA,0,Lviv,USD,49.22
2023-06-10 13:37:12+00:00,General,Tetiana Manziuk,tamanzyuk@gmail.com,DE,0,Berlin,USD,29.53
2023-06-10 15:33:08+00:00,General,Liudmyla Kurnosikova,lucy.kurnosikova@gmail.com,DE,0,Berlin,USD,23.41
2023-06-10 17:08:48+00:00,General,Maria Doan,maria.o.doan@gmail.com,US,MN,Saint Paul,USD,193.73
2023-06-10 17:58:40+00:00,General,Юрій Бережний,uriusbereg@gmail.com,UA,0,Лозуватка,USD,13.85
2023-06-10 17:59:37+00:00,Victory Drones,Tetiana Ovsiienko,tania9888@gmail.com,,0,0,USD,95.12
2023-06-10 20:05:36+00:00,General,ANZHELIKA KOKHNENKO,ANZHELIKA.KOKHNENKO@GMAIL.COM,IT,0,BOLOGNA,USD,95.12
2023-06-10 20:08:09+00:00,General,Oleksandr Chychykalo,alexander.chichikalo@gmail.com,US,WA,Woodinville ,USD,10.0
2023-06-10 20:57:28+00:00,General,Oleksandra Petrunenko,petrunenko.o@gmail.com,DE,0,Peine,USD,190.73
2023-06-10 21:25:34+00:00,General,Yevhen Yaremenko,eugeneyr@gmail.com,US,CA,Walnut Creek,USD,50.0
2023-06-10 21:28:34+00:00,General,Nadiya Stasiv,nadiyastasiv@yahoo.com,US,AR,Gentry,USD,50.0
2023-06-10 22:00:12+00:00,General,vladimir novokhovsky,vnovokh@gmail.com,US,IL,Lincolnshire,USD,96.62
2023-06-10 23:26:43+00:00,General,Volodymyr Ivanov,lugres@gmail.com,UA,0,Kyiv,USD,95.12
2023-06-10 23:38:31+00:00,General,Vasyl Marchuk,vasyl.marchuk@gmail.com,DE,0,Karlsruhe,USD,9.84
2023-06-11 00:03:47+00:00,General,Natalie Tolley,natatolley@gmail.com,US,TN,Nashville,USD,18.93
2023-06-11 06:58:56+00:00,General,Volodymyr Selepyna,sepa.indieman@gmail.com,PL,0,Kraków,USD,24.61
2023-06-11 07:11:14+00:00,General,Iuliia Osintseva,juliia.osintseva@gmail.com,DE,0,Erfurt,USD,13.85
2023-06-11 08:11:22+00:00,General,Liudmyla Kyrychenko,liudmyla.kyrychenko@gmail.com,AE,0,Dubai,USD,47.31
2023-06-11 10:50:15+00:00,General,Liudmyla Kurnosikova,lucy.kurnosikova@gmail.com,DE,0,Berlin,USD,24.61
2023-06-11 10:58:42+00:00,General,Nataliia Olesiv,danfordcarmen@gmail.com,IT,0,Durham ,USD,18.63
2023-06-11 13:02:54+00:00,General,Anastasiya-Mariya Noha,noha@incher.uni-kassel.de,DE,0,Kassel,USD,246.13
2023-06-11 13:57:53+00:00,General,Constantin Necrasov,cnecrasov@gmail.com,CA,ON,Ottawa,USD,95.12
2023-06-11 14:06:45+00:00,General,Olha Remishevska,olgatichun777@gmail.com,DE,0,Bad Endorf,USD,9.07
2023-06-11 14:58:06+00:00,General,Denys Bulgak,bulgakden@gmail.com,FI,0,PÄLKÄNE,USD,47.31
2023-06-11 17:17:51+00:00,General,Vita Knudson,vitaknudson@yahoo.com,US,CA,San Pedro,USD,193.73
2023-06-11 18:02:07+00:00,Mobile Shower Laundry Units,Anna Shpook,anna.shpook@yahoo.com,,0,0,USD,100.0
2023-06-11 18:19:46+00:00,General,Viktoriia Sholkova,wendish.de@gmail.com,DE,0,Berlin,USD,23.41
2023-06-11 21:08:45+00:00,General,GMATCLUB,payments@gmatclub.com,US,WA,Kirkland,USD,48.06
2023-06-11 22:59:59+00:00,General,Mariya Foster,manyasha_21@yahoo.com,US,CA,San Francisco,USD,50.0
2023-06-11 23:17:32+00:00,General,ShippingLine.org,svd2000@gmail.com,MX,0,Guadalajara,USD,4.91
2023-06-12 01:19:56+00:00,General,Zoya Baranovska,baranovskazoya@gmail.com,CA,ON,Toronto,USD,49.22
2023-06-12 01:23:33+00:00,General,Olga Liskovych,olgaliskovych@gmail.com,CA,ON,Mississauga,USD,190.73
2023-06-12 01:27:25+00:00,1000 Drones for Ukraine,Liliia Boichuk,liliakurets@gmail.com,US,NY,Brooklyn,USD,50.0
2023-06-12 08:35:25+00:00,General,Juri Lebed,Juri_Lebed@yahoo.de,DE,0,Brieselang,USD,104.68
2023-06-12 14:19:41+00:00,1000 Drones for Ukraine,Kateryna Krasynska,kkrasynska@gmail.com,US,NY,Carmel,USD,485.06
2023-06-12 21:28:34+00:00,General,Alona Falevic,alona.tarasova@gmail.com,DE,0,Stade,USD,98.45
2023-06-12 23:47:55+00:00,1000 Drones for Ukraine,Olha Utkina,olga300567@gmail.com,US,NY,Brooklyn,USD,30.0
2023-06-13 06:06:04+00:00,General,Сергій Андрєєв,serik347@gmail.com,UA,0,Львів,USD,1.96
2023-06-13 11:53:27+00:00,General,Kseniia Dmytriieva,kv.dmitrieva@gmail.com,US,MA,Ashland ,USD,50.0
2023-06-13 13:36:18+00:00,General,Maksym Kravtsov,maxim.kravtsov@gmail.com,UA,0,Kiev,USD,29.53
2023-06-13 18:58:12+00:00,General,Carol Nelson-Schrauth,Fielddreams@aol.com,US,CA,Oakland,USD,48.06
2023-06-13 19:23:38+00:00,General,David Weisblat,weisblat@berkeley.edu,US,CA,Berkeley,USD,96.62
2023-06-13 19:32:22+00:00,1000 Drones for Ukraine,Plan-H-Analytics,jeffbogey@netscape.net,US,FL,GULF BREEZE,USD,100.0
2023-06-13 19:36:52+00:00,General,Ed Shacklee,eshacklee@earthlink.net,US,DC,Washington,USD,25.0
2023-06-13 20:33:01+00:00,General,Volodymyr Zhuravel,vzbird@gmail.com,UA,0,Oakville,USD,477.56
2023-06-13 21:22:02+00:00,General,Alina Retman,retmanalina@gmail.com,ES,0,Candelaria,USD,18.63
2023-06-13 22:00:04+00:00,General,Olena Lankevych,leal1901@gmail.com,DE,0,München,USD,9.84
2023-06-14 00:35:30+00:00,General,Olesya Shymkiv,olesya.shymkiv@gmail.com,CA,0,Woodbridge,USD,49.22
2023-06-14 12:41:49+00:00,General,Alina Malenda,malenda2000@gmail.com,AU,0,Dingley Village,USD,95.12
2023-06-14 13:36:25+00:00,1000 Drones for Ukraine,Oksana Lytvyn,oksatk@gmail.com,US,NJ,Fair lawn ,USD,40.0
2023-06-14 14:57:21+00:00,General,yekaterina shubova,katichka2001@yahoo.com,US,NY,Staten Island,USD,100.0
2023-06-14 15:58:30+00:00,1000 Drones for Ukraine,Yekaterina Shraga,shrdvd@gmail.com,US,NY,New York,USD,23.79
2023-06-14 17:36:49+00:00,General,Tetiana Kravchuk,kravchuk_tania@ukr.net,PL,0,Lodz,USD,4.29
2023-06-14 20:35:19+00:00,General,Mariia Kaparulina,kaparulina.mariya@icloud.com,DE,0,Neuss,USD,190.73
2023-06-14 20:46:20+00:00,General,Olena Romanova,olena.romanova.ph@gmail.com,DE,0,Mainz,USD,49.22
2023-06-15 02:25:49+00:00,General,Olena Leonchuk,elena.leonchuk@gmail.com,US,NC,Wilmington,USD,40.0
2023-06-15 13:00:21+00:00,General,Olha Boiko,ollhaboiko@gmail.com,PL,0,Krakow,USD,190.73
2023-06-15 18:24:06+00:00,General,Olena Gordiienko,olena.gordiienko@gmail.com,BE,0,brussels,USD,47.31
2023-06-15 20:57:29+00:00,1000 Drones for Ukraine,Tetyana Illyash,tatyana.illyash@gmail.com,US,MA,Woburn,USD,50.0
2023-06-15 21:27:31+00:00,Victory Drones,Roman Poltoratskyy,r.poltoratski@t-online.de,,0,0,USD,98.45
2023-06-15 23:09:21+00:00,1000 Drones for Ukraine,ShippingLine.org,svd2000@gmail.com,MX,0,Guadalajara,USD,19.68
2023-06-16 03:08:03+00:00,General,MARIIA DUTCHAK,dutchak.mary@gmail.com,CA,ON,TORONTO,USD,14.76
2023-06-16 05:57:45+00:00,General,Mykhailo Geniuk,michel.geniuk@gmail.com,FR,0,Le Havre,USD,286.34
2023-06-16 07:11:32+00:00,General,Hanna Bahriienko,bahriienkohanna@gmail.com,PL,0,Warszawa,USD,492.26
2023-06-16 11:00:24+00:00,General,Sven Ruuvet,sven.rufi@gmail.com,,0,0,USD,20.75
2023-06-16 16:12:54+00:00,1000 Drones for Ukraine,Yelena Zotova,yxz33@psu.edu,US,PA,State College,USD,20.0
2023-06-16 19:50:38+00:00,General,Olha Boiko,ollhaboiko@gmail.com,PL,0,Krakow,USD,196.91
2023-06-16 20:10:54+00:00,1000 Drones for Ukraine,Zoya Baranovska,baranovskazoya@gmail.com,CA,ON,Toronto,USD,49.22
2023-06-16 21:22:21+00:00,General,Angelina Boer,angels.boer@gmail.com,NL,0,Amsterdam,USD,295.36
2023-06-17 01:42:30+00:00,General,Orest Lenets,orestlenets@protonmail.com,CA,ON,Burlington,USD,98.45
2023-06-17 04:58:02+00:00,General,Omelyan Vash,emilvash@gmail.com,LT,0,Vilnius,USD,49.22
2023-06-17 09:29:01+00:00,General,Vasylyna Berezna,vasylyna.berezna@web.de,DE,0,Mülheim an der Ruhr ,USD,19.68
2023-06-17 17:25:18+00:00,1000 Drones for Ukraine,Sarah Younger,seyounge@gmail.com,US,NY,New York,USD,25.0
2023-06-17 19:21:04+00:00,1000 Drones for Ukraine,Nadiya Sanborn,nadyadidyk@yahoo.com,US,NY,New York,USD,50.0
2023-06-17 19:28:21+00:00,1000 Drones for Ukraine,Liudmyla Kyrychenko,liudmyla.kyrychenko@gmail.com,AE,0,Dubai,USD,20.54
2023-06-17 20:38:24+00:00,General,Valentyna Rekkonen,rekkavala2023@gmail.com,GB,0,Surrey,USD,9.84
2023-06-18 03:37:32+00:00,General,Ukraine -null-,roma.bystriakov@gmail.com,US,DC,Washington,USD,85.0
2023-06-18 13:11:07+00:00,1000 Drones for Ukraine,Olha Halytsia,ohalytsya@kse.org.ua,DE,0,Freising,USD,14.76
2023-06-18 20:34:43+00:00,1000 Drones for Ukraine,Serhii Dvornyk,sdvornyk@gmail.com,US,NY,New York,USD,48.06
2023-06-18 20:41:39+00:00,1000 Drones for Ukraine,Jie Zhou,jie.z.zhou@gmail.com,US,CT,New Haven,USD,9.22
2023-06-18 21:56:33+00:00,1000 Drones for Ukraine,Dmytro Demus,sealizerd@gmail.com,US,NY,Yorktown Heights,USD,5.0
2023-06-19 12:23:49+00:00,,polina istomina,polina.istomina@gmail.com,GB,0,London,GBP,47.75
2023-06-19 21:41:38+00:00,General,Nadiia Khomenko,nadiahomenko030@gmail.com,DE,0,Leipzig,USD,49.22
2023-06-20 00:56:31+00:00,General,NEVAL OZTURK,oneval19@yahoo.com,US,NJ,Rockaway,USD,96.62
2023-06-20 10:44:58+00:00,General,Khrystyna Oliinyk,christolll@yahoo.com,CA,BC,Vancouver,USD,9.07
2023-06-21 10:34:09+00:00,General,Green Ermine LLC,info@greenermine.com,US,NY,BROOKLYN,USD,50.0
2023-06-21 11:04:30+00:00,General,Olha Boiko,ollhaboiko@gmail.com,PL,0,Krakow,USD,24.61
2023-06-21 19:10:23+00:00,1000 Drones for Ukraine,Angela Goulovitch,agoulovitch@gmail.com,US,NY,Brooklyn,USD,25.0
2023-06-21 19:29:11+00:00,General,illia Bakota,illabakota13@gmail.com,US,NY,Brooklyn,USD,50.0
2023-06-21 20:23:14+00:00,General,Iryna Severyn,severynira@gmail.com,AT,0,Gramastetten,USD,95.12
2023-06-23 18:07:29+00:00,General,Kateryna Ostrovska,ostrovskayae.a.87@gmail.com,LT,0,Pakruojis,USD,196.91
2023-06-24 13:44:12+00:00,General,yuliya christensen,charlieonhisway@yahoo.com,US,MI,Port Austin,USD,102.45
2023-06-24 16:19:40+00:00,General,Andrii Hresko,hresko21@gmail.com,US,NY,Brooklyn,USD,96.62
2023-06-24 17:41:06+00:00,General,Kateryna Astakhova,kateprudence86@gmail.com,ES,0,Barcelona,USD,47.31
2023-06-25 13:13:27+00:00,General,olha sachkovska,sachkovska@hotmail.it,IT,0,Pieve del Grappa,USD,47.31
2023-06-25 14:25:54+00:00,General,Olha Boiko,ollhaboiko@gmail.com,PL,0,Krakow,USD,42.53
2023-06-25 15:19:35+00:00,General,Anastasiia Hraivoronska,hraivoronska@gmail.com,NL,0,Eindhoven,USD,295.36
2023-06-25 15:44:01+00:00,General,Martin Lohrer,promalo@gmail.com,DE,0,München,USD,994.58
2023-06-25 17:34:30+00:00,General,Yuri Deychakiwsky,ydeychak3@comcast.net,US,MD,North Potomac,USD,500.0
2023-06-25 17:56:55+00:00,General,Andrii Krygin,akrygin18@yahoo.com,US,OR,Portland,USD,30.0
2023-06-25 18:22:18+00:00,General,Olena Ullmann,elene.d@gmail.com,AT,0,Ernstbrunn,USD,14.76
2023-06-25 18:53:24+00:00,General,Oryna Yanovych,arina.yanovich@gmail.com,DE,0,Berlin,USD,47.31
2023-06-25 20:20:17+00:00,General,Maryna Grytsai,grymapp@gmail.com,DE,0,Wiesbaden,USD,28.19
2023-06-26 02:26:10+00:00,General,Nataliya Elmadolar,nelmadolarcdn4@gmail.com,US,NJ,BAYONNE,USD,96.62
2023-06-26 04:15:12+00:00,General,Marharyta Lisovenko,margarita.lisovenko@gmail.com,US,IL,Bolingbrook,USD,50.0
2023-06-26 05:34:16+00:00,General,Liana Krasyun-Korunna,lianajusia@gmail.com,PL,0,Rokitnica,USD,9.07
2023-06-26 12:09:33+00:00,General,Inna Hohosha,innahohosha@gmail.com,US,PA,Pittsburgh,USD,20.0
2023-06-26 12:38:36+00:00,General,Galina Kravchenko,galinakravchenko@rogers.com,CA,ON,Toronto,USD,98.45
2023-06-26 13:45:29+00:00,General,Roksolana Kozevych,roksolana.kozevych@gmail.com,UA,0,Lviv,USD,95.12
2023-06-26 16:36:22+00:00,,0,0,,0,0,GBPUSD,106.5
2023-06-26 16:52:57+00:00,General,Oksana Bashuk,96bombom@gmail.com,UA,0,Kyiv,USD,9.07
2023-06-26 17:45:06+00:00,General,Alla Žuravljova,alazur@email.cz,CZ,0,Praha 5,USD,14.76
2023-06-26 18:15:10+00:00,General,Mariia Gubareva,thornym@gmail.com,US,NJ,Hoboken,USD,300.0
2023-06-26 19:42:58+00:00,General,Artem Tkach,artidius@gmail.com,CH,0,Geneva,USD,95.12
2023-06-26 19:49:33+00:00,General,Vitalii Skrynyk,skrynyk87@gmail.com,ES,0,Paiporta,USD,190.73
2023-06-27 10:19:14+00:00,Victory Drones,Olga Westfall,olgawestfall77@gmail.com,,0,0,USD,100.0
2023-06-27 11:41:32+00:00,1000 Drones for Ukraine,Alan Burg,aburg1106@gmail.com,US,NY,Dobbs Ferry,USD,50.0
2023-06-27 16:15:54+00:00,General,Maya Voynarovska,lamay566@gmail.com,US,NY,New York,USD,50.0
2023-06-27 16:46:17+00:00,General,Oleg Kenig,kenig.oleg.usa@gmail.com,US,HI,Honolulu,USD,10.0
2023-06-27 17:28:01+00:00,General,Vita Kobyliatska,vita.kobylyatskaya@gmail.com,PL,0,Łódź,USD,4.29
2023-06-27 23:07:36+00:00,General,Viktoria Wochmin,gamula.v@googlemail.com,DE,0,Wetzlar,USD,19.68
2023-06-27 23:44:39+00:00,General,Svitlana Halych,s.halych@ukr.net,CA,BC,Burnaby,USD,9.84
2023-06-28 10:06:54+00:00,General,Eva Horbenko,eva.horbenko@gmail.com,UA,0,Berlin,USD,9.84
2023-06-28 10:23:38+00:00,General,Ruslan Monchuk,monchuk@gmail.com,DE,0,Hilden,USD,24.61
2023-06-28 12:59:57+00:00,General,Olena Mateus,ozavinska@gmail.com,CH,0,Buchillon,USD,295.36
2023-06-28 13:39:05+00:00,General,Mariia Shats,mdshats@gmail.com,NL,0,Amsterdam,USD,47.31
2023-06-28 13:45:25+00:00,General,Anna Bakanova,bakanova.anna@gmail.com,US,MA,City,USD,50.0
2023-06-28 13:54:54+00:00,General,Kateryna Mishchenko,kat.mishchenko@gmail.com,UA,0,Kyiv,USD,95.12
2023-06-28 14:29:48+00:00,General,Yuriy Golovatenko,Yuriy_Golovatenko@yahoo.com,FR,0,ORSAY,USD,49.22
2023-06-28 16:59:22+00:00,General,Yuliya Osyka,yuliyaosyka@gmail.com,US,KY,Louisville,USD,60.0
2023-06-28 16:59:40+00:00,General,John Hardin,jhardin01@gmail.com,US,NC,Durham,USD,1000.0
2023-06-28 19:54:14+00:00,General,personal,igrynkiv@gmail.com,US,NY,New York,USD,100.0
2023-06-29 03:48:38+00:00,General,Tetiana Hnativ,tanyshka1198@gmail.com,US,SC,Lancaster,USD,9.22
2023-06-29 09:31:53+00:00,,polina istomina,polina.istomina@gmail.com,,0,0,GBP,63.18
2023-06-29 15:42:28+00:00,General,Thomas Chevrier,thomas.chevrier@outlook.com,FR,0,Nevers,USD,309.29
2023-06-29 17:54:44+00:00,General,Maryna Trotska,trotskamarynasf@gmail.com,US,CA,San Francisco,USD,200.0
2023-06-30 10:04:21+00:00,General,IVAN PETRUNIV,ipetruniv@aol.com,US,NY,Brooklyn,USD,50.0
2023-06-30 20:17:46+00:00,General,Sofiia Vovchanska,sophia.vovchanska@gmail.com,UA,0,Uzhhorod,USD,4.29
2023-06-30 20:33:22+00:00,1000 Drones for Ukraine,Galyna Zakhalyavko,zakhalyavko@hotmail.com,US,NJ,Middletown,USD,250.0
2023-06-30 20:40:11+00:00,General,Katherina CAPARO KOSTENKO,violet.sofi03@gmail.com,FR,0,Villeurbanne,USD,196.91
2023-06-30 22:26:38+00:00,General,Zoya Baranovska,baranovskazoya@gmail.com,CA,ON,Toronto,USD,59.07
2023-07-01 02:06:58+00:00,General,Mariya Gutsu,gutsumariya@gmail.com,US,CA,San Francisco,USD,485.06
2023-07-01 10:06:53+00:00,General,Yelena Zotova,yxz33@psu.edu,US,PA,State College,USD,50.0
2023-07-01 10:38:44+00:00,General,Olha Lavoryk,olhalavoryk@gmail.com,DE,0,Karlsruhe,USD,9.84
2023-07-01 17:26:14+00:00,General,Mariya Zakhalyavko,mariya.zee@gmail.com,US,MA,Boston,USD,50.0
2023-07-01 17:26:40+00:00,1000 Drones for Ukraine,Maria Doan,maria.o.doan@gmail.com,US,MN,Saint Paul,USD,96.62
2023-07-01 18:46:36+00:00,General,Denys Bulgak,bulgakden@gmail.com,FI,0,PÄLKÄNE,USD,47.31
2023-07-01 20:21:09+00:00,Victory Drones,Viktoriia Bohdanova,vbohdanova@gmail.com,CA,QC,Salaberry-de-Valleyfield,USD,147.68
2023-07-01 20:58:46+00:00,1000 Drones for Ukraine,Tetiana Ruzhylo,ruzhylotanya@gmail.com,DE,0,Mainz,USD,24.61
2023-07-02 05:00:54+00:00,,0,0,,0,0,USDGBP,140.38
2023-07-02 14:19:17+00:00,General,Anna Kleshnia,kleshnya.anna@gmail.com,NO,0,Vollen,USD,18.63
2023-07-02 16:35:04+00:00,,Olga Vokh,olga.vokh@gmail.com,FR,0,Paris,USD,1486.0400000000002
2023-07-02 18:47:56+00:00,General,Gordiy Oksana,oksanapaul2@gmail.com,CA,QC,Laval,USD,66.44
2023-07-02 21:34:31+00:00,General,Natalie Tolley,natatolley@gmail.com,US,TN,Nashville,USD,18.93
2023-07-03 10:12:46+00:00,General,Olha Boiko,ollhaboiko@gmail.com,PL,0,Krakow,USD,29.53
2023-07-03 21:12:31+00:00,General,Igor Soloviov,Igor.Solovyov@gmail.com,UA,0,PALO ALTO,USD,246.13
2023-07-03 22:43:35+00:00,General,Juan manuel Alonso jorge,juanmanuelalonsojorge@gmail.com,ES,0,Las Palmas de Gran Canaria,USD,147.68
2023-07-04 01:19:15+00:00,General,Nataliya Veremko,nataliavrmk@gmail.com,CA,QC,Sherbrooke,USD,98.45
2023-07-04 04:45:36+00:00,Victory Drones,Ihor Marushchak,ihor.marushchak@gmail.com,US,NY,New York,USD,193.73
2023-07-04 18:54:31+00:00,General,Olha Boiko,ollhaboiko@gmail.com,PL,0,Krakow,USD,49.22
2023-07-04 20:49:54+00:00,General,Inna Suima,suimainna@gmail.com,UA,0,Dnipropetrovs'k,USD,98.45
2023-07-04 21:06:15+00:00,General,Olha Boiko,ollhaboiko@gmail.com,PL,0,Krakow,USD,49.22
2023-07-04 21:57:01+00:00,General,Volodymyr Ivanov,lugres@gmail.com,UA,0,Kyiv,USD,20.54
2023-07-04 23:33:22+00:00,General,charles christensen,chas1969@hotmail.com,US,MI,Port Austin,USD,300.0
2023-07-05 07:22:44+00:00,1000 Drones for Ukraine,Halyna Giffels,halyna.yordan@gmail.com,DE,0,Baden-Baden,USD,49.22
2023-07-06 10:47:20+00:00,General,Margaryta Baumann-Gaydarzhy,m.gaydarzhy@gmail.com,DE,0,Jossgrund,USD,4.29
2023-07-06 18:02:30+00:00,General,Kateryna Krasynska,kkrasynska@gmail.com,US,NY,Carmel,USD,500.0
2023-07-07 05:29:39+00:00,General,Denys Bulgak,bulgakden@gmail.com,FI,0,PÄLKÄNE,USD,49.22
2023-07-07 07:18:10+00:00,1000 Drones for Ukraine,Alona Falevic,alona.tarasova@gmail.com,DE,0,Stade,USD,49.22
2023-07-07 18:31:08+00:00,General,Sticker Flare LLC,stickerflare@gmail.com,US,KS,Topeka,USD,18.93
2023-07-07 21:50:39+00:00,General,Olga Berezniuk,olga.bereznyuk@gmail.com,US,CA,Folsom,USD,20.0
2023-07-08 04:21:55+00:00,1000 Drones for Ukraine,Olga Liskovych,olgaliskovych@gmail.com,CA,ON,Mississauga,USD,196.91
2023-07-08 05:32:19+00:00,General,Oleksiy Khomenko,paypal@cs.stanford.edu,US,CA,COVINA,USD,106.33
2023-07-08 21:42:34+00:00,1000 Drones for Ukraine,Yuliya Zabiyaka,yuliaz@ucla.edu,US,CA,los angeles,USD,100.0
2023-07-09 04:38:47+00:00,General,Sofiia Vovchanska,sophia.vovchanska@gmail.com,UA,0,Uzhhorod,USD,13.85
2023-07-09 09:18:22+00:00,General,Nataliia Pashchenko,pashchenko.nataliia@gmail.com,AT,0,Eisenstadt,USD,47.31
2023-07-09 10:11:45+00:00,General,valeriia honcharenko,qjl4918@gmail.com,US,TX,Bedford,USD,50.0
2023-07-09 10:44:48+00:00,General,Nataliya Rudenko,nataliya.rudenko@gmail.com,NL,0,Amsterdam,USD,196.91
2023-07-09 12:36:09+00:00,1000 Drones for Ukraine,Ivana Lotoshynski,ilotoshynski@gmail.com,US,NJ,Woodland Park,USD,100.0
2023-07-09 14:34:31+00:00,1000 Drones for Ukraine,Nadiya Vertebna,nadiya-vertebna@web.de,BE,0,St GEORGEN,USD,98.45
2023-07-09 17:46:02+00:00,General,Dmitri Zakhalyavko,shadow000@gmaill.com,US,NJ,Cranford,USD,9.22
2023-07-09 19:13:38+00:00,General,Yuriy Burachok,burialviv@comcast.net,US,PA,Bensalem,USD,48.06
2023-07-10 11:19:17+00:00,General,Oleksandra Petrunenko,petrunenko.o@gmail.com,DE,0,Peine,USD,190.73
2023-07-10 11:25:48+00:00,General,Sofiia Nakonechna,nakonechnasonya@gmail.com,DE,0,Marburg,USD,29.53
2023-07-11 00:51:05+00:00,General,Nataliya Kovalenko,nkovalenko@gmail.com,AU,0,Camberwell,USD,19.68
2023-07-11 08:04:10+00:00,General,Volodymyr Selepyna,sepa.indieman@gmail.com,PL,0,Kraków,USD,23.41
2023-07-11 10:07:46+00:00,General,Denys Bulgak,bulgakden@gmail.com,FI,0,PÄLKÄNE,USD,47.31
2023-07-11 10:19:45+00:00,General,Viktoriia Sholkova,wendish.de@gmail.com,DE,0,Berlin,USD,23.41
2023-07-11 10:40:05+00:00,General,Nataliia Olesiv,danfordcarmen@gmail.com,IT,0,Durham ,USD,18.63
2023-07-11 11:10:47+00:00,General,ShippingLine.org,svd2000@gmail.com,MX,0,Guadalajara,USD,4.91
2023-07-11 12:55:40+00:00,General,Hanna Bahriienko,bahriienkohanna@gmail.com,PL,0,Warszawa,USD,284.71000000000004
2023-07-11 14:01:04+00:00,Mobile Shower Laundry Units,Tetiana Bulakh,tbulakh@iu.edu,,0,0,USD,96.62
2023-07-11 20:23:05+00:00,General,Влад Войтенко,vlad.voitenk706@gmail.com,UA,0,село Боголюби,USD,0.47
2023-07-11 20:52:08+00:00,General,OLEKSANDRA OSADCHA,sandraosadcha@gmail.com,UA,0,Kharkiv,USD,98.45
2023-07-12 07:06:56+00:00,General,Arsen Kostenko,arsenkostenko@gmail.com,US,CA,Los Gatos,USD,100.0
2023-07-12 10:01:24+00:00,General,Julia Shchukina,shchukina.julia@gmail.com,DE,0,Bad Soden ,USD,68.35
2023-07-12 15:00:06+00:00,1000 Drones for Ukraine,Anna Reva,anya_reva@hotmail.com,US,DC,Washington,USD,96.62
2023-07-12 16:20:04+00:00,General,daria goncharenko,goncharenkod@aol.com,FR,0,Paris,USD,14.76
2023-07-12 23:30:53+00:00,General,Olha Boiko,ollhaboiko@gmail.com,PL,0,Krakow,USD,19.68
2023-07-13 10:51:03+00:00,General,Ed Shacklee,eshacklee@earthlink.net,US,DC,Washington,USD,25.0
2023-07-13 11:51:24+00:00,General,Kseniia Dmytriieva,kv.dmitrieva@gmail.com,US,MA,Ashland ,USD,50.0
2023-07-13 13:41:42+00:00,General,Alisa Goloshchapova,alisa.goloschapova@gmail.com,CY,0,Limassol,USD,98.45
2023-07-13 13:50:42+00:00,General,Yuliya Osyka,yuliyaosyka@gmail.com,US,KY,Louisville,USD,40.0
2023-07-13 14:19:17+00:00,General,Natalia Dombrovskaya,taldom2846@aol.com,US,DC,Washington,USD,96.62
2023-07-13 14:30:58+00:00,General,olexandr lyamets,stateof2004@yahoo.com,US,NY,STATEN ISLAND,USD,96.62
2023-07-13 15:08:23+00:00,1000 Drones for Ukraine,Olena Kulish,elenakulish9@gmail.com,PL,0,Warszawa,USD,19.68
2023-07-13 17:04:21+00:00,General,POLINA ISTOMINA,polina.istomina@gmail.com,GB,0,London,USD,190.73
2023-07-13 17:09:29+00:00,General,polina istomina,polina.istomina@gmail.com,GB,0,London,USD,47.31
2023-07-13 17:55:18+00:00,General,Ellen Bedenko,ellen.bedenko@gmail.com,US,PA,MERION STATION,USD,36.0
2023-07-13 20:54:49+00:00,General,myroslava Batyuk,myroslava1903@gmail.com,US,IL,Algonquin ,USD,200.0
2023-07-13 21:01:44+00:00,General,Bogdana Voinarovska,wojnarowska.b@gmail.com,PL,0,Wrocław,USD,13.85
2023-07-13 21:12:55+00:00,General,Olena Lankevych,leal1901@gmail.com,DE,0,München,USD,4.29
2023-07-13 21:23:30+00:00,General,Marharyta Lisovenko,margarita.lisovenko@gmail.com,US,IL,Bolingbrook,USD,50.0
2023-07-13 22:04:26+00:00,General,Tetiana Senyk,translato@gmail.com,LT,0,"St John’s, NL Canada",USD,9.84
2023-07-13 23:25:24+00:00,General,Natalia Shyrba,natalia.shyrba@gmail.com,US,PA,Philadelphia,USD,300.0
2023-07-14 01:38:12+00:00,General,Nataliya Kukhar,nataclava@sbcglobal.net,US,IA,Bettendorf,USD,96.62
2023-07-14 02:35:48+00:00,General,Ostap Korkuna,ostapco@gmail.com,US,CA,San Carlos,USD,96.62
2023-07-14 03:31:38+00:00,General,Roksolana Tsymbaliy,roxyzlatko@gmail.com,US,NY,Staten Island,USD,30.0
2023-07-14 03:53:36+00:00,General,Quiet Tenacity Inc,myquiettenacity@gmail.com,CA,ON,Toronto,USD,98.45
2023-07-14 06:27:19+00:00,General,Liubov Shapoval,volkovskaluba@gmail.com,US,UT,Provo,USD,30.0
2023-07-14 09:33:47+00:00,General,Iryna Zheliznyak,iryna.zhelizniak@gmail.com,DE,0,Berlin,USD,49.22
2023-07-14 14:31:52+00:00,General,Natalia Brandafi,nbrandafi@gmail.com,US,NJ,Matawan,USD,100.0
2023-07-14 14:35:41+00:00,General,Valentyna Goloborodko,tina.entin@gmail.com,US,NY,New York,USD,290.84
2023-07-14 17:56:21+00:00,General,Al Baymar,sanesoft@yahoo.com,US,NH,Nashua,USD,193.73
2023-07-14 22:52:09+00:00,General,David Wright,sanderwright@gmail.com,US,CA,Sausalito,USD,820.0
2023-07-15 00:25:00+00:00,General,Zoya Baranovska,baranovskazoya@gmail.com,CA,ON,Toronto,USD,49.22
2023-07-15 01:24:43+00:00,General,Oleg Gudanets,gudanets.oleg@gmail.com,US,CA,Sacramento,USD,50.0
2023-07-15 13:56:29+00:00,General,Elena adams,olena678@gmail.com,US,GA,Kennesaw,USD,50.0
2023-07-15 16:44:17+00:00,General,Julia Khodor Beloborodov,jkhodor@mit.edu,US,MA,West Roxbury,USD,48.06
2023-07-15 17:53:48+00:00,General,Maksym Prokopovych,maksymovi@gmail.com,US,CA,Los Angeles,USD,4.37
2023-07-15 20:45:31+00:00,,Orest Hrycyk,opko_2000@yahoo.com,US,NY,SYRACUSE,USD,33.95
2023-07-15 20:57:06+00:00,General,Mark Mazurets,markmazurets@gmail.com,US,NJ,Madison,USD,38.35
2023-07-15 22:24:46+00:00,General,Olena Bogdan,bogdanleno4ka@gmail.com,US,NY,Accord,USD,96.62
2023-07-16 10:16:27+00:00,General,Sven Ruuvet,sven.rufi@gmail.com,,0,0,USD,20.75
2023-07-16 13:10:34+00:00,General,Ihor Mudryy,ihor.mudryy@gmail.com,DE,0,BERLIN,USD,98.45
2023-07-16 17:23:34+00:00,1000 Drones for Ukraine,Ronny Treichel,treichelronny@googlemail.com,DE,0,Markranstädt,USD,29.53
2023-07-16 17:54:53+00:00,General,Kateryna Kiriei,kyerik995@gmail.com,DE,0,Kyiv,USD,95.12
2023-07-16 23:32:36+00:00,General,Ihor Kushniryk,ihorkushniryk@yahoo.com,US,IL,Buffalo Grove,USD,290.84
2023-07-16 23:36:16+00:00,General,Dmytro Morderer,dmytromorderer@gmail.com,US,FL,Jacksonville,USD,18.93
2023-07-17 06:41:21+00:00,General,igor volynets,igor@westnet.com.ua,UA,0,kyiv,USD,98.45
2023-07-17 11:08:12+00:00,Victory Drones,Natalia Zharkova,natsku008@gmail.com,GB,0,Edinburgh,USD,2.94
2023-07-17 16:58:59+00:00,General,Taras Pryymak,ptaras80@yahoo.co.uk,DE,0,Fürth,USD,573.17
2023-07-18 00:29:35+00:00,1000 Drones for Ukraine,Ihor Marushchak,ihor.marushchak@gmail.com,US,NY,New York,USD,290.84
2023-07-18 01:21:03+00:00,General,Kateryna Rusenko,katerynarusenko@gmail.com,CA,AB,Calgary,USD,196.91
2023-07-18 01:55:37+00:00,,0,0,,0,0,USD,2000.0
2023-07-18 20:51:05+00:00,General,Anna Bezzaponna Donchenko,annabezz@hotmail.com,ES,0,Barcelona,USD,9.84
2023-07-19 08:37:04+00:00,General,Iryna Bratchenko,iryna.brat@gmail.com,DE,0,Düsseldorf,USD,18.63
2023-07-19 08:49:58+00:00,General,Kateryna Churikova,katchurikova@gmail.com,DE,0,BERLIN,USD,23.41
2023-07-19 08:52:14+00:00,1000 Drones for Ukraine,Vira Ovcharenko,viraovcharenko88@gmail.com,FR,0,Paris,USD,19.68
2023-07-19 11:32:56+00:00,General,Tetiana Polyvana,tanya.polyvana@gmail.com,UA,0,Kyiv,USD,47.25
2023-07-19 13:26:04+00:00,General,Nataliya Hirska,n.hirska@gmail.com,MT,0,San Giljan,USD,29.53
2023-07-19 19:10:51+00:00,General,Nataliya Kovalenko,nkovalenko@gmail.com,AU,0,Camberwell,USD,13.85
2023-07-19 19:56:21+00:00,General,Olga Nagorna,olga.nagorna@gmail.com,DE,0,Bad Schwalbach ,USD,98.45
2023-07-19 20:01:48+00:00,General,Mykhailo Geniuk,michel.geniuk@gmail.com,FR,0,Le Havre,USD,295.36
2023-07-19 20:05:48+00:00,General,Andriy Brynosh,andriybrynosh2106@gmail.com,US,NJ,Bridgewater,USD,50.0
2023-07-19 20:13:24+00:00,General,Maria Doan,maria.o.doan@gmail.com,US,MN,Saint Paul,USD,96.62
2023-07-19 21:52:08+00:00,General,Valentyna Rekkonen,rekkavala2023@gmail.com,GB,0,Farnham,USD,9.84
2023-07-19 22:13:53+00:00,General,Olha Boiko,ollhaboiko@gmail.com,PL,0,Krakow,USD,49.22
2023-07-19 23:12:01+00:00,General,Juan Manuel Alonso Jorge,juanmanuelalonsojorge@gmail.com,ES,0,las palmas,USD,32.97
2023-07-19 23:33:06+00:00,General,Anzhela Tamazashvili,tamazashvili@gmail.com,DE,0,Wuppertal,USD,98.45
2023-07-20 00:07:28+00:00,General,Mariia Gubareva,thornym@gmail.com,US,NJ,Hoboken,USD,500.0
2023-07-20 01:25:17+00:00,General,Maryna Trotska,trotskamarynasf@gmail.com,US,CA,San Francisco,USD,100.0
2023-07-20 03:00:10+00:00,General,Mykhailo Rybak,michaelrybakpaypal@gmail.com,US,NC,Apex,USD,100.0
2023-07-20 03:42:13+00:00,General,Kateryna Malakhova,katekhutorna@gmail.com,US,IL,Arlington Heights,USD,9.22
2023-07-20 11:01:44+00:00,General,Khrystyna Oliinyk,christolll@yahoo.com,CA,BC,Vancouver,USD,9.07
2023-07-20 15:00:25+00:00,General,Uilleam Blacker,uilleam.blacker@gmail.com,GB,0,London,USD,47.31
2023-07-20 15:09:23+00:00,General,Natalia Matsegora,amatsegora@torba.com,US,WA,Bothell,USD,200.0
2023-07-20 16:07:01+00:00,General,Yuriy Tsybenko,tsybay@gmail.com,CA,QC,Anjou,USD,98.45
2023-07-20 18:03:11+00:00,General,Olga Spytska,olga.spytska@gmail.com,DE,0,Berlin,USD,9.07
2023-07-20 19:03:32+00:00,General,Anna Baydatska,dott.anna.baydatska@gmail.com,IT,0,Castiglione delle Stiviere,USD,49.22
2023-07-20 20:19:54+00:00,General,Yuliia Levytska,yuliia.levytska1996@gmail.com,DE,0,Berlin,USD,19.68
2023-07-21 00:09:44+00:00,General,Olha Boiko,ollhaboiko@gmail.com,PL,0,Krakow,USD,19.68
2023-07-21 06:35:50+00:00,General,Oleksandra Kobernik,oleksandra.kobernik@fau.de,DE,0,Nürnberg,USD,9.84
2023-07-21 10:40:41+00:00,General,Olha Boiko,ollhaboiko@gmail.com,PL,0,Krakow,USD,24.61
2023-07-21 11:26:07+00:00,General,Green Ermine LLC,info@greenermine.com,US,NY,BROOKLYN,USD,50.0
2023-07-21 13:43:58+00:00,1000 Drones for Ukraine,Maria Doan,maria.o.doan@gmail.com,US,MN,Saint Paul,USD,193.73
2023-07-21 14:43:43+00:00,General,iryna oleksandrivna babich,elenakonovshy@yahoo.it,IT,0,torino,USD,95.12
2023-07-21 16:41:30+00:00,General,Artem Tkach,artidius@gmail.com,CH,0,Geneva,USD,95.12
2023-07-21 18:12:52+00:00,1000 Drones for Ukraine,VASYL YAREMYN,yaremyn@gmail.com,CA,BC,Duncan,USD,492.26
2023-07-21 19:20:52+00:00,General,olga figman,olgafg@hotmail.com,US,IL,Wilmette,USD,300.0
2023-07-21 20:10:13+00:00,General,Natalie Matlak,nataliematlak@gmail.com,GB,0,London,USD,19.68
2023-07-21 22:19:07+00:00,General,Zoya Baranovska,baranovskazoya@gmail.com,CA,ON,Toronto,USD,49.22
2023-07-22 05:27:37+00:00,General,Olga Vysotska,olga@psypub.com,GB,0,Surbiton,USD,95.12
2023-07-22 05:29:16+00:00,1000 Drones for Ukraine,Anatoly Darakov,daratoli@gmail.com,BG,0,Sofia,USD,47.31
2023-07-22 07:05:48+00:00,General,Alina Vakoliuk,alinavakoliuk@gmail.com,SE,0,No City Provided,USD,39.37
2023-07-22 09:38:35+00:00,General,Orest Lenets,orestlenets@protonmail.com,CA,ON,Burlington,USD,246.13
2023-07-22 10:21:05+00:00,General,Kateryna Mizina,kateryna.mizina@gmail.com,UA,0,Kamyanets-Podilsky,USD,47.31
2023-07-22 10:27:30+00:00,General,Anna Kleshnia,kleshnya.anna@gmail.com,NO,0,Vollen,USD,19.68
2023-07-22 11:17:26+00:00,General,Danil Zverkhanovsky,daniil.zverkhanovsky@gmail.com,DE,0,Berlin,USD,9.84
2023-07-22 12:27:55+00:00,1000 Drones for Ukraine,Iuliia Kytrysh,jkytrysh@gmail.com,PL,0,Kraków,USD,9.07
2023-07-22 14:55:49+00:00,General,Mariya Dmytriv,dmariya@yahoo.com,US,IL,Chicago,USD,500.0
2023-07-22 17:48:33+00:00,General,Nikolai Fjodorov,eenik@hotmail.co.uk,GB,0,Grimsby,USD,147.68
2023-07-22 18:12:01+00:00,General,Olha Lavoryk,olhalavoryk@gmail.com,DE,0,Karlsruhe,USD,9.84
2023-07-22 18:41:21+00:00,General,DMYTRO TYMOFEYEV,Mitjim843@yahoo.com,UA,0,Kyiv,USD,49.22
2023-07-23 10:12:09+00:00,General,ihor lukiv,ihorlukiv@yahoo.com,US,CT,Bethany,USD,96.62
2023-07-23 12:05:58+00:00,General,alexandre shmatok,shmatok@outlook.com,GB,0,Guildford,USD,29.53
2023-07-23 12:41:30+00:00,General,Natalia Bystrytska,natali.bystrytska@gmail.com,DE,0,Dortmund,USD,49.22
2023-07-23 14:41:28+00:00,General,Yevgeniya Afanasenko,eugeniuccia@gmail.com,GB,0,London,USD,95.12
2023-07-23 15:13:07+00:00,General,Катерина Оніщук,onishchukkatya@gmail.com,UA,0,Lutsk,USD,20.67
2023-07-23 16:26:33+00:00,General,Анна Муравйова,am_print@ukr.net,,0,0,USD,10.82
2023-07-23 16:45:53+00:00,General,Ulrich Wiedmann,uw_paypal@wiedmann.org,US,CA,Redwood City,USD,48.06
2023-07-23 19:49:44+00:00,General,"Lisa Skelly,",lisa222306230@duck.com,US,AZ,Phoenix,USD,50.0
2023-07-23 21:34:08+00:00,Victory Drones,Diane Anderson,diatbroughton@hotmail.com,GB,0,edinburgh,USD,2.94
2023-07-23 21:39:48+00:00,General,Hans-Jürgen Breyer,Hans-Juergen@Familie-Breyer.com,DE,0,Lübeck,USD,49.22
2023-07-24 00:03:15+00:00,General,Lauren Kinsey,laurenkinsey@gmail.com,US,MN,Minneapolis,USD,9.22
2023-07-24 00:45:25+00:00,General,Roksolana Tsymbaliy,roxyzlatko@gmail.com,US,NY,Staten Island,USD,48.06
2023-07-24 06:37:58+00:00,1000 Drones for Ukraine,Anastasiia Hraivoronska,hraivoronska@gmail.com,NL,0,Eindhoven,USD,98.45
2023-07-24 09:33:06+00:00,General,Anna Papach,anna-papach@ukr.net,CH,0,Bern,USD,98.45
2023-07-24 10:27:34+00:00,General,Kateryna Astakhova,kateprudence86@gmail.com,ES,0,Barcelona,USD,47.31
2023-07-24 11:16:31+00:00,General,Kateryna Astakhova,kateprudence86@gmail.com,ES,0,Barcelona,USD,47.31
2023-07-24 13:44:24+00:00,General,Iuliia Glibova,july.glibova@gmail.com,FR,0,NICE,USD,14.76
2023-07-24 14:26:33+00:00,General,Oksana Lytvyn,oksatk@gmail.com,US,NJ,Fair lawn ,USD,96.62
2023-07-24 19:10:51+00:00,1000 Drones for Ukraine,Tatiana Vorozhko,TetianaV@gmail.com,US,VA,Falls Church,USD,200.0
2023-07-24 19:13:44+00:00,General,Polina Mushenok,polinamushenok@gmail.com,DE,0,Berlin,USD,19.68
2023-07-24 19:28:01+00:00,General,Olena Ruzhytska,elena.ruzhitskaya@gmail.com,PT,0,Mafra,USD,49.22
2023-07-24 20:13:51+00:00,General,Constantin Necrasov,cnecrasov@gmail.com,CA,ON,Ottawa,USD,276.61
2023-07-24 20:28:05+00:00,General,Valeriia Fidria,valeriafidrya@gmail.com,UA,0,Lviv,USD,9.84
2023-07-24 21:08:21+00:00,1000 Drones for Ukraine,Tetiana Manziuk,tamanzyuk@gmail.com,DE,0,Berlin,USD,29.53
2023-07-25 00:00:42+00:00,General,Inesa Posypai,inessa.posipay@gmail.com,DE,0,Frankfurt,USD,13.85
2023-07-25 02:31:31+00:00,1000 Drones for Ukraine,Michael Ryvkin,Michael.Ryvkin@gmail.com,US,PA,PERKASIE,USD,100.0
2023-07-25 04:45:45+00:00,General,Oksana Bashuk,96bombom@gmail.com,UA,0,Myzhiriya,USD,9.84
2023-07-25 05:44:53+00:00,General,cynthia brower,cindybrower@cox.net,US,AZ,Scottsdale,USD,50.0
2023-07-25 12:28:27+00:00,General,Guillaume Laberge,laberge.g@gmail.com,AE,0,Abu Dhabi,USD,295.36
2023-07-25 12:32:10+00:00,,polina istomina,polina.istomina@gmail.com,,0,0,GBP,102.61
2023-07-25 13:20:49+00:00,General,Liliia Boichuk,liliakurets@gmail.com,US,NY,Brooklyn,USD,48.06
2023-07-25 13:33:50+00:00,General,Romana Kutska,malanchuk3@gmail.com,US,IL,Chicago,USD,30.0
2023-07-25 15:24:18+00:00,General,Vladyslav Dovhan,vd4017@necmusic.edu,US,MA,Cambridge,USD,20.0
2023-07-25 17:49:35+00:00,General,Darya Zyranava,d.zyrianova@gmail.com,DE,0,Kyiv,USD,4.91
2023-07-25 19:41:47+00:00,General,Serhii Fesenko,seryoga.fesenko@gmail.com,UA,0,Kyiv,USD,9.07
2023-07-25 20:33:03+00:00,General,Vadym Sieroshtanov,vadym.sieroshtanov@gmail.com,US,TX,Conroe,USD,100.0
2023-07-26 06:06:10+00:00,General,Oksana Kovalova,sanechka253742@gmail.com,UA,0,Kyiv,USD,9.84
2023-07-26 13:21:21+00:00,General,Inna Walker,nessa.noble@gmail.com,US,RI,Riverside,USD,50.0
2023-07-26 16:37:38+00:00,General,olha sachkovska,sachkovska@hotmail.it,IT,0,Pieve del Grappa,USD,47.31
2023-07-26 18:04:52+00:00,General,Yaroslav Dudar,kristinahalay@gmail.com,UA,0,Kyiv,USD,9.84
2023-07-26 18:35:09+00:00,General,Iryna Knoroz,bethany.social@gmail.com,PL,0,Kraków,USD,47.31
2023-07-26 19:46:32+00:00,General,Regina Vyshnevska,re.vyshnevska@gmail.com,NL,0,The Hague,USD,98.45
2023-07-27 01:43:07+00:00,General,Ellen Kats,athosesk@gmail.com,US,CA,SAN FRANCISCO,USD,96.62
2023-07-27 03:36:52+00:00,General,Nataliia Shchotkina,nataliiashchotkina@gmail.com,US,OR,Eugene,USD,100.0
2023-07-27 10:56:43+00:00,Victory Drones,Olga Westfall,olgawestfall77@gmail.com,,0,0,USD,100.0
2023-07-27 14:50:50+00:00,General,Daria Dehtiarova,dashastarr16@gmail.com,IE,0,Oranmore,USD,47.31
2023-07-27 15:20:53+00:00,General,Andrii Chepil,rakovnik@yahoo.com,CA,ON,North York,USD,23.41
2023-07-27 15:24:22+00:00,General,Anton Reznikov,reznikovantonarkadievich@gmail.com,CA,ON,TORONTO,USD,29.53
2023-07-27 15:27:45+00:00,,0,0,,0,0,USDGBP,230.74
2023-07-27 15:53:45+00:00,General,Axel Klug,axel.klug@klughome.de,DE,0,Heikendorf,USD,24.61
2023-07-27 17:18:07+00:00,General,nataliya kasatkin,natalikohut@yahoo.com,US,PA,Yardley,USD,96.62
2023-07-27 20:36:39+00:00,General,Sergiy Ladnych,ladnich@gmail.com,NL,0,Almere,USD,95.12
2023-07-27 21:24:49+00:00,General,Ihor Mudryy,ihor.mudryy@gmail.com,DE,0,BERLIN,USD,196.91
2023-07-27 22:05:24+00:00,General,Pavlo Kurochka,kurochka@usa.net,US,CA,Walnut Creek,USD,50.0
2023-07-27 22:22:41+00:00,General,Vadym Kravchenko,vadym.kravchenko@yahoo.com,US,MD,Frederick,USD,5.0
2023-07-28 00:30:32+00:00,General,Nataliia Maievska,maievska.senyuta@gmail.com,US,HI,Honokaa,USD,48.06
2023-07-28 01:13:26+00:00,General,Olexandr Kuturga,alexandr.kuturga@gmail.com,US,WA,Federal Way,USD,193.73
2023-07-28 01:24:22+00:00,General,Oleksandr Yaremenko,xela42004-pp@yahoo.com,US,CO,Lakewood,USD,30.0
2023-07-28 01:36:45+00:00,General,Svetlana Brodetsky,lanabrod@yahoo.com,US,NY,Brooklyn,USD,200.0
2023-07-28 02:14:00+00:00,General,Vitaliy Voloshchuk,vvoloshchuk@yahoo.com,US,NY,Webster,USD,100.0
2023-07-28 02:59:59+00:00,1000 Drones for Ukraine,Oleksiy Koryavets,balbidon@mail.ru,US,WA,Duvall,USD,100.0
2023-07-28 03:02:49+00:00,1000 Drones for Ukraine,Yevgeniy Dzhurynsky,root@jdevelop.com,US,SC,Goose Creek,USD,100.0
2023-07-28 03:20:48+00:00,General,SERHIY SUCHKOV,drongomaster@yahoo.com,CA,0,Winnipeg,USD,95.12
2023-07-28 04:23:05+00:00,General,SIXTY1DESIGN,panslavco@gmail.com,CA,BC,N.Vancouver,USD,295.36
2023-07-28 06:06:22+00:00,General,Sergei Kajdan,sam.rebus@gmail.com,CA,0,Richmond,USD,49.22
2023-07-28 10:21:16+00:00,General,Yevgen Garbarenko,y.garbarenko@gmail.com,DE,0,MANNHEIM,USD,4.91
2023-07-28 10:23:22+00:00,General,Eva Horbenko,eva.horbenko@gmail.com,UA,0,Berlin,USD,9.84
2023-07-28 10:31:17+00:00,General,ANDREI ABRAMOV,53seasons@gmail.com,US,MD,OWINGS MILLS,USD,50.0
2023-07-28 10:46:43+00:00,General,Ruslan Monchuk,monchuk@gmail.com,DE,0,Hilden,USD,24.61
2023-07-28 13:14:35+00:00,General,Volodymyr Danylevskyi,lupusbox@gmail.com,DE,0,Karlsruhe,USD,98.45
2023-07-28 14:32:52+00:00,General,Olha Boiko,ollhaboiko@gmail.com,PL,0,Krakow,USD,49.22
2023-07-28 15:21:54+00:00,General,Oleg Gudanets,gudanets.oleg@gmail.com,US,CA,Sacramento,USD,30.0
2023-07-28 16:00:26+00:00,General,Iryna Sharlaieva,bostle9@gmail.com,US,WA,Bellevue,USD,50.0
2023-07-28 16:08:30+00:00,General,Oleh Ilnytzkyj,oilnytzkyj@me.com,CA,AB,Calgary,USD,98.45
2023-07-28 17:17:56+00:00,General,Zoya Baranovska,baranovskazoya@gmail.com,CA,ON,Toronto,USD,29.53
2023-07-28 17:44:41+00:00,General,Vlad Kravets,vl4d.kravets@gmail.com,US,NY,BROOKLYN,USD,10.0
2023-07-28 20:56:22+00:00,Victory Drones,ILLYA TARYANIK,elliottar8@gmail.com,UA,0,Dnipro,USD,9.84
2023-07-28 21:55:35+00:00,General,Ihor Popovych,popovych76@gmail.com,IT,0,RIGNANO SULLARNO,USD,98.45
2023-07-28 22:01:27+00:00,General,Andriy Boyko,domboyko@gmail.com,US,MA,Melrose,USD,100.0
2023-07-29 06:48:34+00:00,General,Alla Talashok,allatal@mail.com,UA,0,Київ,USD,286.34
2023-07-29 11:02:54+00:00,General,Tetyana Hermakovska,tania042@gmail.com,GB,0,London,USD,142.92
2023-07-29 13:50:48+00:00,General,Mikhail Pereiaslavski,mpereiaslavski@gmail.com,AU,0,Homebush West,USD,98.45
2023-07-29 14:22:31+00:00,General,Andrii Maliarenko,id202163027@gmail.com,UA,0,Kropyvnytskyi,USD,9.84
2023-07-29 20:12:48+00:00,Victory Drones,Kateryna Blom,katya696@yahoo.com,NL,0,Weesp,USD,56.88
2023-07-29 21:19:53+00:00,General,Leonid Gelman,groshi@gmx.com,US,NY,Staten island,USD,96.62
2023-07-30 04:42:15+00:00,General,Ihor Kushniryk,ihorkushniryk@yahoo.com,US,IL,Buffalo Grove,USD,290.84
2023-07-30 07:58:46+00:00,Victory Drones,Кристина Нестеренко,akristines11@gmail.com,UA,0,Дніпро,USD,9.84
2023-07-30 08:30:02+00:00,Victory Drones,Kateryna Blom,katya696@yahoo.com,NL,0,Weesp,USD,59.07
2023-07-30 12:32:28+00:00,Mobile Shower Laundry Units,Kateryna Blom,katya696@yahoo.com,,0,0,USD,28.19
2023-07-30 17:53:35+00:00,Mobile Shower Laundry Units,Olena Volodkovych,helen.volodkovich@gmail.com,,0,0,USD,295.36
2023-07-30 19:06:54+00:00,General,Vasylyna Berezna,vasylyna.berezna@web.de,DE,0,Berlin,USD,49.22
2023-07-30 20:04:21+00:00,General,George Veith,jayveith57@gmail.com,US,DE,Bear,USD,96.62
2023-07-30 22:43:02+00:00,General,Pavlo Malyuta,pavlomalyuta@gmail.com,SE,0,Solna,USD,196.91
2023-07-31 06:24:52+00:00,General,Vasily Zolotov,vzolotov@usa.net,US,CA,San Jose,USD,48.06
2023-07-31 11:27:01+00:00,General,Larissa Naumova,belka_basilio.7@hotmail.com,AU,0,Homebush West,USD,196.91
2023-07-31 17:13:39+00:00,General,Olha Haskell,olga.perehrest74@gmail.com,GB,0,Chippenham,USD,5.9
2023-08-01 09:48:08+00:00,General,Сергей Годовиков,mirumir@bigmir.net,UA,0,Киев,USD,98.45
2023-08-01 12:34:00+00:00,1000 Drones for Ukraine,Tetiana Ruzhylo,ruzhylotanya@gmail.com,DE,0,Mainz,USD,24.61
2023-08-01 13:23:06+00:00,General,Juris Augskalns,juris.augskalns@gmail.com,LV,0,Riga,USD,42.53
2023-08-01 13:45:18+00:00,General,Oleksandra Boychenko,oboychenko@jacobs-alumni.de,PT,0,Lisbon,USD,98.45
2023-08-01 14:31:35+00:00,General,mechyslava polevychok,polevychok@hotmail.com,CA,MB,Winnipeg,USD,9.07
2023-08-01 19:22:06+00:00,General,Anatoliy Garan,garana@ukr.net,US,UT,Lehi,USD,970.61
2023-08-01 19:49:14+00:00,General,Olga Vokh,olga.vokh@gmail.com,FR,0,Paris,USD,984.54
2023-08-01 19:55:48+00:00,General,Yelena Zotova,yxz33@psu.edu,US,PA,State College,USD,25.0
2023-08-01 20:43:56+00:00,Victory Drones,daria goncharenko,goncharenkod@aol.com,FR,0,Paris,USD,9.84
2023-08-01 23:39:46+00:00,General,Nataliya Navodylo,femfa25@hotmail.com,CA,0,Etobicoke,USD,209.85
2023-08-02 03:20:04+00:00,General,Roman Kolisnyk,romanvaleriyovych@gmail.com,US,MN,Minneapolis,USD,10.0
2023-08-02 04:54:22+00:00,General,Karpenko Olena,ek25111978@gmail.com,UA,0,Kamenskoe,USD,2.38
2023-08-02 11:51:18+00:00,,Nataliya Schwarzentrub,prima321vera@gmail.com,CH,0,Sumiswald,USD,4.78
2023-08-02 12:27:48+00:00,General,Iryna Schommartz,iryna.kyrychuk@googlemail.com,DE,0,Maintal,USD,147.68
2023-08-02 15:28:24+00:00,1000 Drones for Ukraine,Gregory Lewis,gclewis@tl-com.com,US,MI,Northville,USD,100.0
2023-08-03 01:22:27+00:00,General,Nataliya Kovalenko,nkovalenko@gmail.com,AU,0,Camberwell,USD,14.76
2023-08-03 01:50:39+00:00,General,Lyuba Timoff,timlyuba@gmail.com,US,PA,Philadelphia,USD,70.0
2023-08-03 02:13:53+00:00,General,OLENA KNYAZYEVA,MAMA_MADONNA7@YAHOO.COM,US,CA,CUTTEN,USD,25.0
2023-08-03 08:46:38+00:00,General,Bogdan Bodriagov,bbodriagov@gmail.com,PL,0,Gdynia,USD,477.56
2023-08-03 10:53:16+00:00,General,Olha Boiko,ollhaboiko@gmail.com,PL,0,Krakow,USD,29.53
2023-08-03 13:19:18+00:00,General,Julia Krayevska,Julia.krayevska@gmail.com,SK,0,Bratislava,USD,18.63
2023-08-03 17:50:08+00:00,General,charles christensen,chas1969@hotmail.com,US,MI,Port Austin,USD,397.66
2023-08-03 18:04:39+00:00,General,OLENA Stalinska,stalinskaya.elena@gmail.com,CA,ON,Mississauga,USD,39.37
2023-08-04 04:21:08+00:00,1000 Drones for Ukraine,Pavlo Kurochka,kurochka@usa.net,US,CA,Walnut Creek,USD,50.0
2023-08-04 06:52:04+00:00,1000 Drones for Ukraine,Nina Sukhomud,mitsuko_nina@hotmail.com,DE,0,Mannheim,USD,18.63
2023-08-04 08:28:55+00:00,General,Tetiana Ovsiienko,tania9888@gmail.com,DE,0,Wolfsburg,USD,95.12
2023-08-04 09:25:47+00:00,General,Tetyana Nikitina,nikitinatanja@yahoo.de,DE,0,Ulm,USD,18.63
2023-08-04 10:18:27+00:00,Flight to Recovery,Mikhail Pereiaslavski,mpereiaslavski@gmail.com,AU,0,Homebush West,USD,98.45
2023-08-04 11:18:55+00:00,Victory Drones,Mikhail Pereiaslavski,mpereiaslavski@gmail.com,AU,0,Homebush West,USD,98.45
2023-08-04 11:45:05+00:00,General,Olha Lavoryk,olhalavoryk@gmail.com,DE,0,Karlsruhe,USD,19.68
2023-08-04 14:03:45+00:00,General,Michael Gulevskiy,gulikbox@gmail.com,UA,0,Kiev,USD,984.54
2023-08-04 20:24:14+00:00,General,Anna Vdovenko,vdovenkoanna@gmail.com,DE,0,Berlin,USD,18.63
2023-08-04 21:29:38+00:00,1000 Drones for Ukraine,ANDREI ABRAMOV,53seasons@gmail.com,US,MD,OWINGS MILLS,USD,48.06
2023-08-04 21:30:37+00:00,Mobile Shower Laundry Units,ANDREI ABRAMOV,53seasons@gmail.com,,0,0,USD,50.0
2023-08-04 21:31:47+00:00,Flight to Recovery,ANDREI ABRAMOV,53seasons@gmail.com,US,MD,OWINGS MILLS,USD,50.0
2023-08-04 21:32:23+00:00,Victory Drones,ANDREI ABRAMOV,53seasons@gmail.com,US,MD,OWINGS MILLS,USD,100.0
2023-08-04 21:33:21+00:00,Veteranius,ANDREI ABRAMOV,53seasons@gmail.com,,0,0,USD,51.0
2023-08-05 01:23:00+00:00,General,Oleksandr Grishayev,grishaev75@gmail.com,US,NJ,Hawthorne,USD,100.0
2023-08-05 05:22:13+00:00,General,Denys Bulgak,bulgakden@gmail.com,FI,0,PÄLKÄNE,USD,49.22
2023-08-05 06:13:03+00:00,General,Iryna Sharlaieva,bostle9@gmail.com,US,WA,Bellevue,USD,50.0
2023-08-05 08:31:24+00:00,General,Andrii Zakharov,andrii@electricborneocat.com,NL,0,Haarlem,USD,18.63
2023-08-05 12:18:42+00:00,General,Zoya Baranovska,baranovskazoya@gmail.com,CA,ON,Toronto,USD,34.459999999999994
2023-08-05 20:36:36+00:00,General,Maria Savranska,maria.savranska@gmail.com,DE,0,Bonn,USD,29.53
2023-08-06 09:59:07+00:00,1000 Drones for Ukraine,Andrii Maliarenko,id202163027@gmail.com,UA,0,Kropyvnytskyi,USD,98.45
2023-08-06 10:49:38+00:00,General,Margaryta Baumann-Gaydarzhy,m.gaydarzhy@gmail.com,DE,0,Jossgrund,USD,4.29
2023-08-06 12:18:31+00:00,General,Oksana Lytvyn,oksatk@gmail.com,US,NJ,Fair lawn ,USD,96.62
2023-08-06 18:23:28+00:00,General,Tetiana Manziuk,tamanzyuk@gmail.com,DE,0,Berlin,USD,29.53
2023-08-07 03:49:59+00:00,1000 Drones for Ukraine,Olga Liskovych,olgaliskovych@gmail.com,CA,ON,Mississauga,USD,196.91
2023-08-07 09:27:05+00:00,General,Roman Poltoratskyy,r.poltoratski@t-online.de,DE,0,Stuttgart,USD,98.45
2023-08-07 09:44:29+00:00,General,Anna Schnitzerova,annuschnitzer@gmail.com,GB,0,London,USD,492.26
2023-08-07 10:19:45+00:00,General,Julia Shchukina,shchukina.julia@gmail.com,DE,0,Bad Soden ,USD,68.35
2023-08-07 10:52:58+00:00,General,Iryna Knoroz,bethany.social@gmail.com,PL,0,Kraków,USD,18.63
2023-08-07 12:59:59+00:00,General,Igor Svyryd,isvyryd@gmail.com,UA,0,Boyarka,USD,9.84
2023-08-07 15:54:31+00:00,General,Konstantin Grokhovskiy,grokhovskiy@gmail.com,US,TX,Allen,USD,10.0
2023-08-07 20:09:01+00:00,General,Yaroslav Kornachevskyi,yaroslav.kornachevskyy@gmail.com,UA,0,Kyiv,USD,18.63
2023-08-07 20:31:02+00:00,General,Taras Pryymak,ptaras80@yahoo.co.uk,DE,0,Fürth,USD,573.17
2023-08-07 21:43:28+00:00,General,Anna Filonenko,anna.filonenko@yahoo.com,US,IL,Vernon Hills,USD,25.0
2023-08-07 22:11:58+00:00,General,Vladimir Berman,vladimir_berman@hotmail.com,US,MD,baltimore,USD,10.0
2023-08-07 23:40:54+00:00,Mobile Shower Laundry Units,"MARSHA sHAHNOVICH, D.M.D.",SHAHNOVICH@GMAIL.COM,,0,0,USD,50.0
2023-08-08 02:54:58+00:00,General,Leopold Epstein,leo.inna@gmail.com,US,MA,Boxborough,USD,96.62
2023-08-08 06:58:54+00:00,General,Aliaksandr Radzivanovich,aradzivanovich@gmail.com,PL,0,Kraków,USD,98.45
2023-08-08 09:40:33+00:00,General,Yuliya Rovnova,julia.hahn@kuechenhahn.de,DE,0,Düsseldorf,USD,984.54
2023-08-08 10:15:19+00:00,General,wedding registry,immadalin@gmail.com,ES,0,Singapore,USD,47.31
2023-08-08 15:03:44+00:00,General,Liliana Zez,zezlilianagm@gmail.com,DE,0,Aachen,USD,10.03
2023-08-09 00:57:45+00:00,General,ZAL Productions,akovalev@cox.net,US,VA,Falls Church,USD,100.0
2023-08-09 05:06:18+00:00,General,Mariia Slavska,mariiaslavska1@gmail.com,DE,0,Kulmbach ,USD,9.84
2023-08-09 10:43:41+00:00,General,valeriia honcharenko,qjl4918@gmail.com,US,TX,Bedford,USD,50.0
2023-08-09 18:21:20+00:00,General,Kateryna Kiriei,kyerik995@gmail.com,DE,0,Kyiv,USD,47.31
2023-08-09 20:22:56+00:00,Victory Drones,Mykhailo Geniuk,michel.geniuk@gmail.com,FR,0,Le Havre,USD,196.91
2023-08-10 01:26:21+00:00,General,Nataliya Zozulya,nataliya.zozulya@gmail.com,US,MA,Ashland,USD,100.0
2023-08-10 05:41:08+00:00,General,Anna Bezzaponna Donchenko,annabezz@hotmail.com,ES,0,Sentmenat,USD,9.84
2023-08-10 06:38:06+00:00,General,Anna Kozhemyaka,orio@ukr.net,UA,0,Irpin,USD,47.31
2023-08-10 10:44:38+00:00,General,Sofiia Nakonechna,nakonechnasonya@gmail.com,DE,0,Marburg,USD,29.53
2023-08-10 13:51:38+00:00,General,Sergey Volvovski,svolvo2007@gmail.com,US,MA,West Roxbury,USD,48.06
2023-08-10 15:27:03+00:00,General,Natalya Matsyshyn,jurawinskanatalia@gmail.com,DE,0,Zwickau,USD,47.31
2023-08-10 17:09:16+00:00,General,elena nekludova,n3lena@gmail.com,US,MA,brookline,USD,72.0
2023-08-10 20:05:20+00:00,General,Boris Vladimirsky,borisvl@hotmail.com,US,CA,Campbell,USD,69.43
2023-08-10 21:07:03+00:00,General,Quiet Tenacity Inc,myquiettenacity@gmail.com,CA,ON,Toronto,USD,71.22
2023-08-11 00:15:27+00:00,Mobile Shower Laundry Units,Elena Zhitnikov,elena.zhitnikov@gmail.com,,0,0,USD,96.62
2023-08-11 00:20:52+00:00,General,Alisa Mihalenko,alisamihajlenko@gmail.com,GE,0,Odesa,USD,71.95
2023-08-11 00:34:22+00:00,General,Yury Summers,yilnytskyy@gmail.com,US,NY,Brooklyn,USD,50.0
2023-08-11 01:05:12+00:00,General,Oksana Patrina,opatrina77@gmail.com,US,NY,Brooklyn,USD,1.45
2023-08-11 04:14:42+00:00,General,Dmytro Kushch,dddangereux@gmail.com,CA,ON,Toronto,USD,9.07
2023-08-11 04:34:09+00:00,General,Nataliya Kovalenko,nkovalenko@gmail.com,AU,0,Camberwell,USD,13.85
2023-08-11 10:05:28+00:00,General,Viktoriia Sholkova,wendish.de@gmail.com,DE,0,Berlin,USD,23.41
2023-08-11 10:18:28+00:00,General,ShippingLine.org,svd2000@gmail.com,MX,0,Guadalajara,USD,4.91
2023-08-11 11:16:11+00:00,General,Denys Bulgak,bulgakden@gmail.com,FI,0,PÄLKÄNE,USD,47.31
2023-08-11 11:30:01+00:00,General,Nataliia Olesiv,danfordcarmen@gmail.com,IT,0,Durham ,USD,18.63
2023-08-11 12:12:46+00:00,General,Natalia Lekh,natalialekh@gmail.com,CA,ON,Etobicoke,USD,49.22
2023-08-11 12:32:17+00:00,General,Kateryna Dodonova-Sudina,kdodonova@gmail.com,UA,0,Zazymie,USD,9.07
2023-08-11 15:04:40+00:00,General,Gregory Shirman,shirmannc69@gmail.com,US,NC,DURHAM,USD,48.06
2023-08-11 16:02:50+00:00,General,maryna karabynosh,marinatravel007@yahoo.com,US,NY,Brooklyn,USD,100.0
2023-08-11 19:19:22+00:00,General,Natalie Matlak,nataliematlak@gmail.com,GB,0,London,USD,14.76
2023-08-12 03:50:53+00:00,Victory Drones,Ihor Kushniryk,ihorkushniryk@yahoo.com,US,IL,Buffalo Grove,USD,290.84
2023-08-12 07:00:17+00:00,General,Anastasiia Prodanski,anastasiiaprodanski@gmail.com,UA,0,Kyiv,USD,47.31
2023-08-12 07:39:05+00:00,Victory Drones,Stanislav Tykhonko,instanislavius@gmail.com,UA,0,Kyiv,USD,47.31
2023-08-12 14:46:39+00:00,1000 Drones for Ukraine,Halyna Kryvetska,haliakryvetska@gmail.com,FR,0,Versailles,USD,98.45
2023-08-12 19:26:42+00:00,General,Anna Owen,anna.owen.19@outlook.com,GB,0,Aberdare,USD,118.14
2023-08-12 22:13:06+00:00,General,Lyudmyla Korchevska,ludmilakorchevska@gmail.com,US,VA,Arlington,USD,50.0
2023-08-13 01:57:43+00:00,General,Vadim Arshavsky,nvarshavsky@gmail.com,US,NC,Chapel Hill,USD,100.0
2023-08-13 10:05:10+00:00,General,Kristina Kudryavtseva,ch.kudryavtseva@gmail.com,LU,0,Noerdange,USD,1.96
2023-08-13 10:09:16+00:00,General,Ed Shacklee,eshacklee@earthlink.net,US,DC,Washington,USD,25.0
2023-08-13 11:11:00+00:00,General,polina istomina,polina.istomina@gmail.com,GB,0,London,USD,47.31
2023-08-13 11:34:28+00:00,General,Kseniia Dmytriieva,kv.dmitrieva@gmail.com,US,MA,Ashland ,USD,50.0
2023-08-13 12:52:14+00:00,General,Thomas Schliefer,thomas_schliefer@web.de,DE,0,Wetzlar,USD,118.14
2023-08-13 16:42:35+00:00,General,Yulia OConnell,bookjulia76@icloud.com,US,NY,Brooklyn ,USD,23.79
2023-08-13 21:23:52+00:00,Victory Drones,ILLYA TARYANIK,elliottar8@gmail.com,UA,0,Dnipro,USD,9.07
2023-08-14 13:23:16+00:00,General,Olha Lavoryk,olhalavoryk@gmail.com,DE,0,Karlsruhe,USD,14.76
2023-08-14 20:07:09+00:00,General,myroslava Batyuk,myroslava1903@gmail.com,US,IL,Algonquin ,USD,200.0
2023-08-14 23:20:20+00:00,General,Andriy Semenyuk,andriy.fm@gmail.com,US,CA,Los Angeles ,USD,10.0
2023-08-15 12:45:16+00:00,General,Marta Nosaliuk,kruk.martha@gmail.com,UA,0,Lviv,USD,668.78
2023-08-15 13:26:38+00:00,Flight to Recovery,Mykola Zagorodnov,zagorodnov@gmail.com,CA,ON,Toronto,USD,29.53
2023-08-15 14:25:38+00:00,General,Ivana Lotoshynski,ilotoshynski@gmail.com,US,NJ,Woodland Park,USD,100.0
2023-08-15 18:38:24+00:00,General,Barbara Funk,bfunk157@comcast.net,US,PA,Lincoln University,USD,21.85
2023-08-15 19:17:10+00:00,General,Mariia Gorkun,mariia.gorkun@gmail.com,US,MA,Andover,USD,50.0
2023-08-15 19:56:56+00:00,Mobile Shower Laundry Units,Marianna Epstein,mepsh@comcast.net,,0,0,USD,48.06
2023-08-15 20:50:18+00:00,General,Mykola Nizriukhin,lgnexus4fun@gmail.com,DE,0,Berlin,USD,19.68
2023-08-16 00:48:44+00:00,General,Irene Jarosewich,i.jarosewich@gmail.com,US,NJ,Passaic,USD,45.0
2023-08-16 06:19:54+00:00,1000 Drones for Ukraine,Anastasiia Hraivoronska,hraivoronska@gmail.com,NL,0,Eindhoven,USD,98.45
2023-08-16 09:32:41+00:00,General,Георгий Топораш,georgetoporash@gmail.com,UA,0,Odesa,USD,19.68
2023-08-16 10:41:52+00:00,General,Ihor Mudryy,ihor.mudryy@gmail.com,DE,0,BERLIN,USD,98.45
2023-08-16 11:44:35+00:00,General,Sven Ruuvet,sven.rufi@gmail.com,,0,0,USD,20.75
2023-08-16 16:08:18+00:00,1000 Drones for Ukraine,Igor Rubets,igor.rubets@gmail.com,CA,QC,N.D.I.P,USD,295.36
2023-08-16 16:52:21+00:00,Flight to Recovery,Igor Rubets,igor.rubets@gmail.com,CA,QC,N.D.I.P,USD,295.36
2023-08-16 17:53:59+00:00,General,olga figman,olgafg@hotmail.com,US,IL,Wilmette,USD,300.0
2023-08-16 17:54:04+00:00,1000 Drones for Ukraine,Michelle Gluzman,michelle.gluzman@gmail.com,US,NY,Brooklyn,USD,5.0
2023-08-16 20:41:42+00:00,General,Maryna Yaroshchuk,maryna.yaroshchuk@gmail.com,UA,0,Bangkok,USD,98.45
2023-08-17 08:10:55+00:00,1000 Drones for Ukraine,Marta Salan,martasalan88@gmail.com,GB,0,Sheffield,USD,2.94
2023-08-17 10:58:58+00:00,Victory Drones,Natalia Zharkova,natsku008@gmail.com,GB,0,Edinburgh,USD,2.94
2023-08-17 11:40:12+00:00,1000 Drones for Ukraine,Vadym Sieroshtanov,vadym.Sieroshtanov@gmail.com,US,TX,Conroe,USD,100.0
2023-08-17 19:29:49+00:00,General,Halyna Eckart,halyna.eckart@gmx.de,DE,0,Freiburg im Breisgau,USD,98.45
2023-08-17 21:10:09+00:00,General,Anastasia Reznichenko,anastasiia.rn@gmail.com,CA,ON,Kitchener,USD,14.76
2023-08-18 11:16:41+00:00,General,Gustav Lietz,gustav.lietz@gmail.com,DE,0,Frankfurt (Oder),USD,9.84
2023-08-18 21:13:15+00:00,General,Anastasia Solovaniuk,asolovaniuk@gmail.com,US,NC,Durham,USD,290.84
2023-08-19 01:13:58+00:00,General,Oksana Lytvyn,oksatk@gmail.com,US,NJ,Fair lawn ,USD,100.0
2023-08-19 10:16:24+00:00,General,Tetiana Polyvana,tanya.polyvana@gmail.com,UA,0,Kyiv,USD,47.25
2023-08-19 10:50:13+00:00,1000 Drones for Ukraine,Veronika Yankovska,vyankovska@gmail.com,CY,0,Strovolos,USD,18.63
2023-08-19 10:56:06+00:00,General,Darya Marchuk,dashamarchuk@icloud.com,DK,0,Kolding,USD,19.68
2023-08-19 10:57:41+00:00,General,Valentyna Rekkonen,rekkavala2023@gmail.com,GB,0,Farnham,USD,9.84
2023-08-19 12:39:49+00:00,General,Inesa Posypai,inessa.posipay@gmail.com,DE,0,Frankfurt,USD,18.63
2023-08-19 13:15:42+00:00,General,Olga Vysotska,olga@psypub.com,GB,0,Surbiton,USD,95.12
2023-08-19 14:33:53+00:00,General,Tetiana Khodakivska,t.khodakivska@gmail.com,US,NY,New York,USD,20.0
2023-08-19 16:00:18+00:00,General,Mykhailo Tymo,muhatymo@gmail.com,UA,0,L'viv,USD,9.84
2023-08-19 18:45:20+00:00,General,Aliaksandr Radzivanovich,aradzivanovich@gmail.com,PL,0,Kraków,USD,98.45
2023-08-19 19:03:25+00:00,General,Olha Boiko,ollhaboiko@gmail.com,PL,0,Krakow,USD,29.53
2023-08-19 19:12:12+00:00,General,Kateryna Mizina,kateryna.mizina@gmail.com,UA,0,Kamyanets-Podilsky,USD,23.41
2023-08-19 19:19:17+00:00,General,Tetyana Mykhaylychenko,tetyanam@gmail.com,CA,QC,Montreal,USD,98.45
2023-08-19 20:54:07+00:00,General,Vladyslava Poltavtseva,vlada1926@gmail.com,PL,0,Poznań,USD,19.68
2023-08-19 20:55:18+00:00,1000 Drones for Ukraine,Alex Volinsky,alexice71@gmail.com,US,CA,Campbell,USD,200.0
2023-08-19 20:56:10+00:00,General,Vladyslava Poltavtseva,vlada1926@gmail.com,PL,0,Poznań,USD,19.68
2023-08-19 22:48:03+00:00,General,Oleg Kolgushev,zinakamina@hotmail.com,US,TX,Flower Mound,USD,50.0
2023-08-20 00:26:07+00:00,General,Katerina Manoff,isemida@gmail.com,US,MD,Rockville,USD,96.62
2023-08-20 00:47:43+00:00,General,Oksana Boyko,oksana.o.boyko@gmail.com,US,NJ,Bloomfield,USD,150.0
2023-08-20 09:08:54+00:00,,Viktoriya Glushko,vglushko@gmail.com,CH,0,Lausanne,USD,95.51
2023-08-20 09:24:48+00:00,General,Nataliia Golovina,golovina.nataliia@gmail.com,IT,0,Milano,USD,11.81
2023-08-20 10:27:59+00:00,General,Olga Butakova,olgabutakova@yahoo.com,JP,0,神戸市中央区東川崎町,USD,29.53
2023-08-20 11:37:55+00:00,General,Khrystyna Oliinyk,christolll@yahoo.com,CA,BC,Vancouver,USD,9.07
2023-08-20 18:24:26+00:00,General,Platon Danylov,platondanilov@gmail.com,UA,0,Kovalyn,USD,9.07
2023-08-20 19:26:54+00:00,General,Olga Molnar,molnars@hotmail.com,US,VA,Richmond,USD,50.0
2023-08-20 20:16:04+00:00,General,Natalya Ryabinska,nryabinska@yahoo.com,PL,0,Warsaw,USD,43.49
2023-08-21 04:03:01+00:00,Victory Drones,Viktoriia Bohdanova,vbohdanova@gmail.com,CA,QC,Salaberry-de-Valleyfield,USD,147.68
2023-08-21 10:47:33+00:00,General,Olha Boiko,ollhaboiko@gmail.com,PL,0,Krakow,USD,24.61
2023-08-21 11:29:02+00:00,General,Green Ermine LLC,info@greenermine.com,US,NY,BROOKLYN,USD,50.0
2023-08-21 12:09:48+00:00,General,Yuriy Golovatenko,Yuriy_Golovatenko@yahoo.com,FR,0,ORSAY,USD,98.45
2023-08-21 12:42:02+00:00,General,Anna Botvinnik,abotvinnik@gmail.com,DE,0,Mannheim,USD,56.88
2023-08-21 17:53:59+00:00,1000 Drones for Ukraine,Ganna Ievtushenko,ann.yevtushenko@gmail.com,NL,0,Zwaag,USD,18.63
2023-08-21 20:12:12+00:00,1000 Drones for Ukraine,Olena Mateus,ozavinska@gmail.com,CH,0,Buchillon,USD,196.91
2023-08-21 21:55:03+00:00,Victory Drones,Vladimir Mezhibovsky,mezhibovsky@gmail.com,US,CA,SAN FRANCISCO,USD,50.0
2023-08-21 22:21:33+00:00,1000 Drones for Ukraine,Audrey Miller,audrey.miller2000@outlook.com,CA,AB,Edmonton,USD,78.76
2023-08-22 00:12:54+00:00,General,Orest Walchuk,owalchuk@comcast.net,US,NJ,Pittstown,USD,96.62
2023-08-22 05:36:49+00:00,1000 Drones for Ukraine,Olha Haskell,olga.perehrest74@gmail.com,GB,0,Chippenham,USD,4.91
2023-08-22 10:20:37+00:00,General,Daryna Kviatkivska,darya.patalakh@gmail.com,CY,0,Limassol,USD,19.68
2023-08-22 15:37:19+00:00,1000 Drones for Ukraine,Stepan Studennyy,sstudennyy@gmail.com,US,MI,Bloomfield Hills,USD,300.0
2023-08-22 16:45:25+00:00,General,Vsevolod Parypa,vsevolod_parypa@yahoo.com,UA,0,Lviv,USD,179.26
2023-08-22 22:28:29+00:00,General,Tetyana Sereda,seredatanya@gmail.com,ES,0,Costa Adeje,USD,56.88
2023-08-23 00:19:04+00:00,1000 Drones for Ukraine,Lydia Baltarowich,lbaltarowich@gmail.com,US,MI,Warren,USD,500.0
2023-08-23 03:29:10+00:00,General,Veronika Syniavska,veronikasinya@gmail.com,UA,0,Kyiv,USD,4.29
2023-08-23 11:23:52+00:00,Victory Drones,Diane Anderson,diatbroughton@hotmail.com,GB,0,edinburgh,USD,2.94
2023-08-23 16:06:32+00:00,General,SIXTY1DESIGN,panslavco@gmail.com,CA,BC,N.Vancouver,USD,295.36
2023-08-23 17:44:02+00:00,1000 Drones for Ukraine,Kateryna Boiko,kateryna.boiko.nl@gmail.com,NL,0,Amsterdam,USD,39.37
2023-08-23 22:01:20+00:00,General,Oleksii Siryi,Siryi.gca@gmail.com,DE,0,Biessenhofen,USD,9.84
2023-08-24 05:30:10+00:00,General,Olga Vokh,olga.vokh@gmail.com,FR,0,Paris,USD,984.54
2023-08-24 15:15:36+00:00,1000 Drones for Ukraine,Nadiya Stasiv,nadiyastasiv@yahoo.com,US,AR,Gentry,USD,50.0
2023-08-24 16:47:24+00:00,General,Ganna Ievtushenko,ann.yevtushenko@gmail.com,NL,0,Zwaag,USD,28.19
2023-08-24 18:33:15+00:00,,Anna Vdovenko,vdovenkoanna@gmail.com,DE,0,Berlin,USD,29.700000000000003
2023-08-24 18:47:11+00:00,General,Thomas Sajbel,tsajbel@gmail.com,US,CO,Denver,USD,48.06
2023-08-24 19:18:49+00:00,1000 Drones for Ukraine,Orest Lenets,orestlenets@protonmail.com,CA,ON,Burlington,USD,95.12
2023-08-24 20:31:27+00:00,General,Maksym Shama,maksymshama@gmail.com,US,NJ,Princeton,USD,150.0
2023-08-25 00:06:05+00:00,General,Yaroslav Ostapchuk,yaroslavostapchuk58@gmail.com,CA,ON,Stoney Creek,USD,95.12
2023-08-25 01:33:28+00:00,General,Nataliya Forshaw,nkovalenko@gmail.com,AU,0,Camberwell,USD,14.76
2023-08-25 03:33:22+00:00,1000 Drones for Ukraine,Oleksandr Yaremenko,xela42004-pp@yahoo.com,US,CO,Lakewood,USD,100.0
2023-08-25 04:37:02+00:00,General,Oksana Boyko,oksana.o.boyko@gmail.com,US,NJ,Bloomfield,USD,100.0
2023-08-25 15:33:41+00:00,General,Nataliya Yasinovska,natochka@gmail.com,US,IA,West Union,USD,28.64
2023-08-25 16:08:00+00:00,General,Svitlana Babenko,sbabenko@gmail.com,UA,0,KYIV,USD,49.22
2023-08-25 16:37:19+00:00,General,Dareuscha Luczkkw,dareuscha@gmail.com,US,NY,Pelham Manor,USD,485.06
2023-08-25 17:10:18+00:00,General,Zoya Baranovska,baranovskazoya@gmail.com,CA,ON,Toronto,USD,33.470000000000006
2023-08-25 21:20:41+00:00,General,Oleksandr Averkov,oaverkov@gmail.com,US,NC,Matthews,USD,50.0
2023-08-26 03:52:30+00:00,General,Ihor Kushniryk,ihorkushniryk@yahoo.com,US,IL,Buffalo Grove,USD,300.0
2023-08-26 04:21:24+00:00,1000 Drones for Ukraine,Mariya Gutsu,gutsumariya@gmail.com,US,CA,Atherton,USD,485.06
2023-08-26 10:22:34+00:00,General,Regina Vyshnevska,re.vyshnevska@gmail.com,NL,0,The Hague,USD,98.45
2023-08-26 10:37:47+00:00,General,Ekaterina Darakova,edarakova@gmail.com,NL,0,Rotterdam,USD,47.31
2023-08-27 10:05:36+00:00,Victory Drones,Olga Westfall,olgawestfall77@gmail.com,,0,0,USD,100.0
2023-08-27 18:44:56+00:00,General,Marta Farion,marta@farion.org,US,IL,Chicago,USD,120.0
2023-08-27 18:45:31+00:00,General,Marharyta Karapulka,k.margaret89@gmail.com,US,IL,Chicago,USD,120.0
2023-08-27 21:49:30+00:00,General,Nataliya Kukhar,nataclava@sbcglobal.net,US,IA,Bettendorf,USD,1000.0
2023-08-28 10:42:33+00:00,General,ANDREI ABRAMOV,53seasons@gmail.com,US,MD,OWINGS MILLS,USD,50.0
2023-08-28 11:05:28+00:00,General,Eva Horbenko,eva.horbenko@gmail.com,UA,0,Berlin,USD,9.84
2023-08-28 11:07:56+00:00,General,Ruslan Monchuk,monchuk@gmail.com,DE,0,Hilden,USD,24.61
2023-08-28 11:16:46+00:00,General,Yevgen Garbarenko,y.garbarenko@gmail.com,DE,0,MANNHEIM,USD,4.91
2023-08-28 16:24:27+00:00,General,Halyna Eckart,halyna.eckart@gmx.de,DE,0,Freiburg im Breisgau,USD,147.68
2023-08-28 19:26:40+00:00,General,Thomas Schliefer,k.shytyuk@googlemail.com,DE,0,Wetzlar,USD,152.6
2023-08-29 02:31:01+00:00,General,Tetiana Bulakh,tbulakh@iu.edu,US,DC,Washington,USD,50.01
2023-08-29 10:57:49+00:00,General,Mikhail Pereiaslavski,mpereiaslavski@gmail.com,AU,0,Homebush West,USD,98.45
2023-08-29 14:09:37+00:00,General,Elvira Spivak,elvira.spivak04@gmail.com,US,CA,Pleasanton,USD,100.0
2023-08-29 23:17:41+00:00,General,Eugene Olenchuk,www.collectibles@gmail.com,US,MN,Woodbury,USD,100.0
2023-08-30 09:03:17+00:00,Flight to Recovery,Olga Lugai,olgalugai@mail.com,GB,0,London,USD,39.37
2023-08-30 13:16:55+00:00,General,Natalia Kulikova,pink.is.panther@gmail.com,FI,0,Tampere,USD,190.73
2023-08-30 16:13:01+00:00,1000 Drones for Ukraine,Liudmyla Kyrychenko,liudmyla.kyrychenko@gmail.com,AE,0,Dubai,USD,129.95000000000002
2023-08-30 16:28:16+00:00,General,Yevgeniya Afanasenko,eugeniuccia@gmail.com,GB,0,London,USD,95.12
2023-08-30 17:09:33+00:00,General,Yuliia Rasmussen,yuliia.rasmussen@gmail.com,US,NJ,Port Reading,USD,50.0
2023-08-30 17:13:03+00:00,General,Yuliia Rasmussen,yuliia.rasmussen@gmail.com,US,NJ,Port Reading,USD,100.0
2023-08-30 19:59:51+00:00,General,Vasylyna Berezna,vasylyna.berezna@web.de,DE,0,Mülheim an der Ruhr ,USD,49.22
2023-08-31 15:37:31+00:00,General,Yana Prystupa,yanaprystupa@gmail.com,US,CA,El Cerrito,USD,193.73
2023-08-31 20:58:04+00:00,General,Robert Ramoy,robramoy@aol.com,US,FL,St. Petersburg,USD,96.62
2023-08-31 23:54:57+00:00,General,Rob Milne,rmilne@adpinv.com,CA,0,Vancouver,USD,492.26
2023-09-01 00:16:01+00:00,General,Janet Fotta,jfotta@zoominternet.net,US,PA,Valencia,USD,50.0
2023-09-01 02:40:15+00:00,General,Aaron Isaacson,aaroisa@yahoo.com,US,CA,Danville,USD,10.0
2023-09-01 02:44:46+00:00,General,metatheory,paypalAccount@metatheory.com,US,CA,Albany,USD,50.0
2023-09-01 05:08:40+00:00,Victory Drones,John Olofsson,john.olofsson@gmail.com,SE,0,HÄGERSTEN,USD,19.68
2023-09-01 10:39:56+00:00,General,Susan Metter,suzsales@lava.net,US,HI,Honolulu,USD,485.06
2023-09-01 11:02:07+00:00,General,Oksana Soroka,osoroka91@gmail.com,BE,0,Leuven,USD,49.22
2023-09-01 11:39:54+00:00,1000 Drones for Ukraine,Tetiana Ruzhylo,ruzhylotanya@gmail.com,DE,0,Mainz,USD,24.61
2023-09-01 13:33:53+00:00,General,Zoya Baranovska,baranovskazoya@gmail.com,CA,ON,Toronto,USD,33.470000000000006
2023-09-01 19:44:01+00:00,Victory Drones,Jai Lakshman,jlaksnm@yahoo.com,US,NM,Santa Fe,USD,108.0
2023-09-02 11:26:50+00:00,General,Viktoria Wochmin,gamula.v@googlemail.com,DE,0,Wetzlar,USD,49.22
2023-09-02 11:57:32+00:00,General,Inna Baieva,aveab.in@gmail.com,DE,0,Giessen,USD,19.68
2023-09-02 14:15:34+00:00,General,craig k harris,grampsharris@gmail.com,US,MI,MACKINAC IS,USD,50.0
2023-09-02 17:44:41+00:00,1000 Drones for Ukraine,Marco Pires,marcoolimpires@gmail.com,PT,0,Funchal,USD,9.07
2023-09-02 18:01:49+00:00,General,Serghei Troscenco,trolyara42@gmail.com,MD,0,Chisinau,USD,11.81
2023-09-02 18:04:06+00:00,1000 Drones for Ukraine,Serghei Troscenco,trolyara42@gmail.com,MD,0,Chisinau,USD,10.82
2023-09-02 18:23:36+00:00,General,Ronald Siroky,rjsiroky@aol.com,US,CA,San Diego,USD,100.0
2023-09-02 20:33:29+00:00,General,Antonio Vaz Raposo Carmona Santos,a.carmona.santos@outlook.com,PT,0,Lisboa,USD,98.45
2023-09-02 23:29:41+00:00,General,Hainz,kolsvein@gmail.com,US,IL,Chicago,USD,96.62
2023-09-03 03:48:06+00:00,General,Yelena Zotova,yxz33@psu.edu,US,PA,State College,USD,50.0
2023-09-03 09:23:14+00:00,General,Olha Lavoryk,olhalavoryk@gmail.com,DE,0,Karlsruhe,USD,19.68
2023-09-03 11:07:16+00:00,General,Olha Boiko,ollhaboiko@gmail.com,PL,0,Krakow,USD,29.53
2023-09-03 18:06:15+00:00,General,Bohdan Kudryk,bkudryk@optonline.net,US,NJ,Hillsdale,USD,25.0
2023-09-03 23:45:30+00:00,General,OKSANA MOSEYCHUCK,omoseychuk@yahoo.com,US,CA,SAN JOSE,USD,50.0
2023-09-04 01:13:46+00:00,General,Olga Dubynka,olha.dubynka@gmail.com,CA,ON,Etobicoke,USD,9.07
2023-09-04 03:03:29+00:00,General,Ivan Fedoriv,fedorivivanmd@gmail.com,US,CA,Temecula,USD,10.0
2023-09-04 05:52:26+00:00,General,Michael Sinchak,m_sinchak@hotmail.com,US,PA,Schwenksville,USD,200.0
2023-09-04 10:26:43+00:00,Flight to Recovery,ANDREI ABRAMOV,53seasons@gmail.com,US,MD,OWINGS MILLS,USD,50.0
2023-09-04 11:05:01+00:00,General,Igor Bogdanov,biand@ukr.net,DE,0,Dresden,USD,28.19
2023-09-04 11:18:04+00:00,Victory Drones,Mikhail Pereiaslavski,mpereiaslavski@gmail.com,AU,0,Homebush West,USD,98.45
2023-09-04 11:21:58+00:00,Flight to Recovery,Mikhail Pereiaslavski,mpereiaslavski@gmail.com,AU,0,Homebush West,USD,98.45
2023-09-04 14:58:16+00:00,General,Oksana Pylypiv,oksana.pylypiv2018@gmail.com,US,CA,Sacramento ,USD,96.62
2023-09-04 15:00:38+00:00,General,Volodymyr Ivanov,lugres@gmail.com,UA,0,Kyiv,USD,20.54
2023-09-04 16:16:51+00:00,General,Halyna Kravets,halyna.kuka@gmail.com,IT,0,Napoli,USD,13.85
2023-09-04 16:48:50+00:00,General,Vitaliy Dubil,vitaliy.dubil@gmail.com,US,MD,CHEVY CHASE,USD,50.0
2023-09-04 21:21:36+00:00,1000 Drones for Ukraine,Pavlo Mileshchenko,pavlo.mileshchenko@gmail.com,US,NJ,RIDGEFIELD,USD,630.72
2023-09-04 23:11:40+00:00,1000 Drones for Ukraine,Vasyl Dub,vasil.dub@gmail.com,US,CA,Palo Alto,USD,100.0
2023-09-05 15:16:57+00:00,General,Oksana Lytvyn,oksatk@gmail.com,US,NJ,Fair lawn ,USD,100.0
2023-09-05 18:35:55+00:00,General,Artem Timchenko,bedankt7@gmail.com,BE,0,Sint-Amandsberg,USD,49.22
2023-09-06 02:13:04+00:00,General,Rob Milne,rmilne@adpinv.com,CA,0,Vancouver,USD,541.49
2023-09-06 10:36:31+00:00,General,Margaryta Baumann-Gaydarzhy,m.gaydarzhy@gmail.com,DE,0,Jossgrund,USD,4.29
2023-09-06 14:36:31+00:00,1000 Drones for Ukraine,Oleksandr Vietoshkin,alexander.vetoshkin@gmail.com,NL,0,Haarlem,USD,19.68
2023-09-06 19:24:18+00:00,General,Nadiia Semenova,nadanya@ukr.net,US,VA,Virginia Beach,USD,96.62
2023-09-07 03:16:28+00:00,General,Oleg Sennik,olegsennik@aol.com,US,KY,Louisville,USD,1941.71
2023-09-07 10:19:18+00:00,General,Anna Filonenko,anna.filonenko@yahoo.com,US,IL,Vernon Hills,USD,25.0
2023-09-07 10:39:44+00:00,General,Andrii Bykanov,andreybikanov@gmail.com,UA,0,Харьков,USD,9.07
2023-09-07 11:22:01+00:00,General,Julia Shchukina,shchukina.julia@gmail.com,DE,0,Bad Soden ,USD,68.35
2023-09-09 12:18:42+00:00,General,Yuriy Burachok,burialviv@comcast.net,US,PA,Bensalem,USD,193.73
2023-09-09 19:37:41+00:00,General,Zoya Baranovska,baranovskazoya@gmail.com,CA,ON,Toronto,USD,33.470000000000006
2023-09-10 00:25:56+00:00,General,Nikita Kormshchikov,nkac2018@mymail.pomona.edu,US,FL,hollywood ,USD,43.21
2023-09-10 01:12:08+00:00,1000 Drones for Ukraine,gabby spektor,gabriella.spektor@icloud.com,US,NY,New York ,USD,48.06
2023-09-10 01:18:09+00:00,1000 Drones for Ukraine,Nellie Spektor,Nellie.spektor@gmail.com,US,NY,New York,USD,51.0
2023-09-10 01:24:04+00:00,1000 Drones for Ukraine,Ekaterina Nikitenko,katenikitenko13@gmail.com,US,NY,Brooklyn,USD,50.0
2023-09-10 01:28:57+00:00,General,Oksana Sereda,oksimiercoles@gmail.com,ES,0,Adeje,USD,49.22
2023-09-10 01:34:19+00:00,General,Gena Yushkova,g.yushkova@gmail.com,US,NY,Long Island city ,USD,18.93
2023-09-10 01:36:15+00:00,General,Valerii Shemet,valeriishemet@icloud.com,US,NY,Brooklyn,USD,10.0
2023-09-10 03:53:10+00:00,1000 Drones for Ukraine,Marina Stasenko,marina.stasenko@gmail.com,US,NY,Brooklyn,USD,96.62
2023-09-10 04:12:13+00:00,1000 Drones for Ukraine,alexander davidoff,euro20auto@yahoo.com,US,TN,BRENTWOOD,USD,48.06
2023-09-10 04:37:30+00:00,,Oybek Mutalov,omutalov95@gmail.com,US,NY,Brooklyn,USD,63.06
2023-09-10 11:14:45+00:00,General,Sofiia Nakonechna,nakonechnasonya@gmail.com,DE,0,Marburg,USD,29.53
2023-09-10 22:54:50+00:00,General,Aleksandra Lisowska,lisowska.a@yahoo.com,US,AZ,Scottsdale,USD,10.0
2023-09-11 03:33:46+00:00,General,Ihor Stelmach,iman@sfgsports.com,US,CT,South Windsor,USD,96.0
2023-09-11 10:38:36+00:00,General,maryna karabynosh,marinatravel007@yahoo.com,US,NY,Brooklyn,USD,100.0
2023-09-11 10:41:12+00:00,General,Denys Bulgak,bulgakden@gmail.com,FI,0,PÄLKÄNE,USD,47.31
2023-09-11 10:47:38+00:00,General,Nataliia Olesiv,danfordcarmen@gmail.com,IT,0,Durham ,USD,18.63
2023-09-11 11:10:00+00:00,General,ShippingLine.org,svd2000@gmail.com,MX,0,Guadalajara,USD,4.91
2023-09-11 11:39:59+00:00,General,Viktoriia Sholkova,wendish.de@gmail.com,DE,0,Berlin,USD,23.41
2023-09-11 11:45:29+00:00,General,Olha Boiko,ollhaboiko@gmail.com,PL,0,Krakow,USD,98.45
2023-09-11 16:23:08+00:00,General,Andriy Boychuk,andriy@flowium.com,US,NY,Staten Island,USD,48.06
2023-09-12 08:44:43+00:00,General,Yuliya Rovnova,julia.hahn@kuechenhahn.de,DE,0,Düsseldorf,USD,344.59000000000003
2023-09-12 10:30:02+00:00,General,Lyudmyla Korchevska,ludmilakorchevska@gmail.com,US,VA,Arlington,USD,50.0
2023-09-12 12:44:19+00:00,General,Serhiy Alekseyenko,sergio@bestcarpenters.net,US,NJ,Wallington,USD,193.73
2023-09-12 22:02:15+00:00,General,Daniel Coven,drc@chesapeakesp.com,US,MD,Baltimore,USD,67.49
2023-09-12 22:24:32+00:00,General,Natalia Bystrytska,natali.bystrytska@gmail.com,DE,0,Dortmund,USD,98.45
2023-09-13 01:38:41+00:00,,Oksana Patrina,opatrina77@gmail.com,US,NY,Brooklyn,USD,9.31
2023-09-13 03:48:08+00:00,1000 Drones for Ukraine,Olga Liskovych,olgaliskovych@gmail.com,CA,ON,Mississauga,USD,196.93
2023-09-13 05:24:56+00:00,1000 Drones for Ukraine,Maksym Shama,maksymshama@gmail.com,US,NJ,Ringoes,USD,40.0
2023-09-13 10:08:38+00:00,General,polina istomina,polina.istomina@gmail.com,GB,0,London,USD,47.76
2023-09-13 11:07:41+00:00,General,Ed Shacklee,eshacklee@earthlink.net,US,DC,Washington,USD,25.24
2023-09-13 11:18:27+00:00,General,Kseniia Dmytriieva,kv.dmitrieva@gmail.com,US,MA,Ashland ,USD,50.47
2023-09-13 13:39:45+00:00,General,Nataliya Mikhalchuk,natasha.mikhalchuk@gmail.com,US,NY,BROOKLYN,USD,400.0
2023-09-13 16:32:25+00:00,1000 Drones for Ukraine,Andreas Hölzl,ahoelzl23@googlemail.com,DE,0,München,USD,192.53
2023-09-14 12:28:30+00:00,Veteranius,Stefan Ruhkamp,ruhkamp@posteo.de,,0,0,USD,98.46
2023-09-15 04:14:48+00:00,General,Dmytro Kulakovskyi,heulwolf@gmail.com,US,VA,SPRINGFIELD,USD,1959.71
2023-09-15 12:27:55+00:00,General,charles christensen,chas1969@hotmail.com,US,MI,BAD AXE,USD,48.51
2023-09-15 12:50:22+00:00,1000 Drones for Ukraine,Mark Turrell,mark_turrell2000@yahoo.com,US,OH,West Chester,USD,100.0
2023-09-16 05:49:35+00:00,General,Stepan Fedortsiv,stepan.fedortsiv@gmail.com,UA,0,Ternopil,USD,98.46
2023-09-16 10:08:10+00:00,General,Ihor Mudryy,ihor.mudryy@gmail.com,DE,0,BERLIN,USD,99.38
2023-09-16 11:31:16+00:00,General,Sven Ruuvet,sven.rufi@gmail.com,,0,0,USD,20.95
2023-09-16 15:37:56+00:00,1000 Drones for Ukraine,Vladimir Sevastyanov,vgs.12345@gmail.com,US,TX,Fort Worth,USD,100.0
2023-09-16 22:17:56+00:00,General,Ihor Marushchak,ihor.marushchak@gmail.com,US,NY,New York,USD,979.61
2023-09-17 10:52:00+00:00,Victory Drones,Natalia Zharkova,natsku008@gmail.com,GB,0,Edinburgh,USD,2.97
2023-09-17 11:41:05+00:00,General,Anastasia Reznichenko,anastasiia.rn@gmail.com,CA,ON,Kitchener,USD,14.9
2023-09-17 17:40:37+00:00,General,Robert Combs,qcombs@isomedia.com,US,WA,Bainbridge Island,USD,10.0
2023-09-17 19:20:44+00:00,General,Dmytro Saykovskyi,dmytro.saykovskyi@hotmail.com,US,NY,New York,USD,19.11
2023-09-17 21:11:02+00:00,1000 Drones for Ukraine,Vlada Yanishevsky,vladislavae@yahoo.com,US,NJ,Bayonne,USD,40.0
2023-09-18 18:06:53+00:00,General,Katharine Ellis,jaellis004@gmail.com,US,CA,San Diego,USD,25.0
2023-09-18 18:29:14+00:00,1000 Drones for Ukraine,Matthew Hoffman,bigbatbonds70@yahoo.com,US,NY,Long Island City,USD,50.0
2023-09-18 19:12:18+00:00,General,Vasylyna Berezna,vasylyna.berezna@web.de,DE,0,Mülheim an der Ruhr ,USD,98.46
2023-09-19 10:09:26+00:00,1000 Drones for Ukraine,Veronika Yankovska,vyankovska@gmail.com,CY,0,Strovolos,USD,18.81
2023-09-19 10:18:20+00:00,General,Valentyna Rekkonen,rekkavala2023@gmail.com,GB,0,Farnham,USD,9.93
2023-09-19 10:24:00+00:00,General,Tetiana Polyvana,tanya.polyvana@gmail.com,UA,0,Kyiv,USD,47.7
2023-09-19 11:00:17+00:00,General,Vladyslava Poltavtseva,vlada1926@gmail.com,PL,0,Poznań,USD,19.87
2023-09-19 15:56:43+00:00,General,Maryna Molokopoi,merrymerrymaryna@gmail.com,US,WA,Seattle,USD,20.0
2023-09-19 19:38:19+00:00,General,Alex Tkachenko,aleksandr.tkachenko@gmail.com,NL,0,Almere,USD,240.78
2023-09-19 20:47:50+00:00,General,Igor Bogdanov,biand@ukr.net,DE,0,Dresden,USD,33.29
2023-09-20 10:28:45+00:00,General,Khrystyna Oliinyk,christolll@yahoo.com,CA,BC,Vancouver,USD,9.16
2023-09-20 10:38:33+00:00,General,Platon Danylov,platondanilov@gmail.com,UA,0,Kovalyn,USD,9.16
2023-09-20 11:33:46+00:00,General,Michael Levin,mblevin88@gmail.com,US,NJ,Short Hills,USD,70.08
2023-09-20 18:37:08+00:00,1000 Drones for Ukraine,Craig k Harris,grampsharris@gmail.com,US,MI,Mackinac island,USD,50.0
2023-09-20 18:51:30+00:00,General,Iurie Stoliar,yurikfbi75@gmail.com,DE,0,Hamburg,USD,98.46
2023-09-20 19:44:22+00:00,General,Halyna Kravets,halyna.kuka@gmail.com,IT,0,Napoli,USD,14.760000000000002
2023-09-20 19:58:19+00:00,General,ILLIA TARIANIK,elltrust09@gmail.com,UA,0,Kiev,USD,13.99
2023-09-21 04:53:03+00:00,General,Kateryna Rusenko,katerynarusenko@gmail.com,CA,AB,Calgary,USD,98.46
2023-09-21 05:02:32+00:00,1000 Drones for Ukraine,Nataliya Forshaw,nkovalenko@gmail.com,AU,0,Camberwell,USD,13.99
2023-09-21 05:21:18+00:00,Victory Drones,daniel levy,levybagnols@gmail.com,FR,0,UCEL,USD,49.23
2023-09-21 09:08:04+00:00,General,Kateryna Ionova,nika.ionova7@gmail.com,GB,0,London,USD,19.69
2023-09-21 10:36:31+00:00,General,Anders Lundberg,anders.lundberg@hotmail.com,SE,0,Årsta,USD,23.63
2023-09-21 11:12:37+00:00,General,Green Ermine LLC,info@greenermine.com,US,NY,BROOKLYN,USD,50.47
2023-09-21 11:41:23+00:00,General,Olha Boiko,ollhaboiko@gmail.com,PL,0,Krakow,USD,24.84
2023-09-21 14:34:38+00:00,General,Nataliya Yasinovska,natochka@gmail.com,US,IA,West Union,USD,50.0
2023-09-21 17:40:05+00:00,General,Kateryna Blom,katya696@yahoo.com,NL,0,Weesp,USD,28.46
2023-09-21 17:41:56+00:00,Victory Drones,Kateryna Blom,katya696@yahoo.com,NL,0,Weesp,USD,19.69
2023-09-22 15:44:49+00:00,,Yuriy Golovatenko,Yuriy_Golovatenko@yahoo.com,FR,0,ORSAY,EUR,47.86
2023-09-22 19:25:40+00:00,1000 Drones for Ukraine,olga figman,olgafg@hotmail.com,US,IL,Wilmette,USD,350.0
2023-09-23 10:50:54+00:00,General,SIXTY1DESIGN,panslavco@gmail.com,CA,BC,N.Vancouver,USD,298.14
2023-09-23 10:59:53+00:00,Victory Drones,Diane Anderson,diatbroughton@hotmail.com,GB,0,edinburgh,USD,2.97
2023-09-23 11:37:43+00:00,1000 Drones for Ukraine,Alina Malenda,malenda2000@gmail.com,AU,0,Dingley Village,USD,76.72
2023-09-23 16:05:50+00:00,1000 Drones for Ukraine,Zoya Baranovska,baranovskazoya@gmail.com,CA,ON,Toronto,USD,33.29
2023-09-23 18:59:49+00:00,General,Vladyslav Semenets,vladyslav.semenets@gmail.com,IE,0,Dublin,USD,196.93
2023-09-24 05:38:44+00:00,General,Ihor Kushniryk,ihorkushniryk@yahoo.com,US,IL,Buffalo Grove,USD,300.0
2023-09-24 07:07:42+00:00,Veteranius,Tetyana Hermakovska,tania042@gmail.com,,0,0,USD,29.53
2023-09-24 15:07:09+00:00,Flight to Recovery,Plan-H-Analytics,jeffbogey@netscape.net,US,FL,GULF BREEZE,USD,50.0
2023-09-24 18:50:26+00:00,1000 Drones for Ukraine,Natalka Pisnia,pisnya@me.com,US,DC,Washington,USD,97.52
2023-09-24 19:47:12+00:00,Victory Drones,Galina Alexeenko,galina_alexeenko@yahoo.com,US,GA,ATLANTA,USD,100.0
2023-09-24 23:51:02+00:00,1000 Drones for Ukraine,Igor Rubets,igor.rubets@gmail.com,CA,QC,N.D.I.P,USD,492.34
2023-09-25 03:05:11+00:00,Mobile Shower Laundry Units,Liliya Kupchyshyna,lilikvitkalili@gmail.com,,0,0,USD,10.0
2023-09-27 10:12:19+00:00,General,Daryna Kviatkivska,darya.patalakh@gmail.com,CY,0,Limassol,USD,19.87
2023-09-27 10:53:45+00:00,Victory Drones,Olga Westfall,olgawestfall77@gmail.com,,0,0,USD,100.93
2023-09-27 20:48:44+00:00,General,Oksana Stoliar,oksanastoliar26@gmail.com,DE,0,Hamburg,USD,98.46
2023-09-27 21:11:05+00:00,General,Sergio Valyaev,s6126749@gmail.com,UA,0,Uzhhorod,USD,4.91
2023-09-28 06:00:07+00:00,1000 Drones for Ukraine,Thomas DUrso,tjdurso@fastmail.com,US,CA,San Jose,USD,97.52
2023-09-28 10:26:21+00:00,General,Yevgen Garbarenko,y.garbarenko@gmail.com,DE,0,MANNHEIM,USD,4.960000000000001
2023-09-28 10:50:49+00:00,General,Eva Horbenko,eva.horbenko@gmail.com,UA,0,Berlin,USD,9.93
2023-09-28 10:58:31+00:00,General,Ruslan Monchuk,monchuk@gmail.com,DE,0,Hilden,USD,24.84
2023-09-28 11:17:14+00:00,General,ANDREI ABRAMOV,53seasons@gmail.com,US,MD,OWINGS MILLS,USD,50.47
2023-09-28 11:18:23+00:00,General,Halyna Eckart,halyna.eckart@gmx.de,DE,0,Freiburg im Breisgau,USD,149.07
2023-09-29 10:39:28+00:00,General,Uilleam Blacker,uilleam.blacker@gmail.com,GB,0,London,USD,96.02
2023-09-29 10:59:32+00:00,General,Mikhail Pereiaslavski,mpereiaslavski@gmail.com,AU,0,Homebush West,USD,99.38
2023-09-29 15:09:00+00:00,General,Diana Nikljung,diana.nikljung@outlook.com,SE,0,Strömstad,USD,9.16
2023-09-29 18:20:15+00:00,,polina istomina,polina.istomina@gmail.com,,0,0,GBP,50.0
2023-09-30 10:16:57+00:00,General,Yana Prystupa,yanaprystupa@gmail.com,US,CA,El Cerrito,USD,195.53
2023-09-30 11:11:02+00:00,General,Iurii Girba,no_rebel@ukr.net,PL,0,Lublin,USD,9.84
2023-09-30 18:49:04+00:00,General,Bastian Sonntag,sonntag_bastian@hotmail.com,DE,0,HASTORF,USD,14.760000000000002
2023-10-01 10:30:50+00:00,1000 Drones for Ukraine,Tetiana Ruzhylo,ruzhylotanya@gmail.com,DE,0,Mainz,USD,24.84
2023-10-01 11:19:02+00:00,General,Edvīns Draba,edvins.draba@gmail.com,LV,0,Rīga,USD,24.610000000000003
2023-10-01 12:44:53+00:00,General,Art Care.Lda,milaihor@gmail.com,PT,0,Porto,USD,115.32
2023-10-01 13:08:57+00:00,General,Liudmyla Solomko,milaavgustova28@gmail.com,DE,0,Mannheim,USD,4.91
2023-10-01 16:56:01+00:00,Flight to Recovery,Bohdan Kudryk,bkudryk@optonline.net,US,NJ,Hillsdale,USD,20.0
2023-10-01 16:58:39+00:00,Mobile Shower Laundry Units,Bohdan Kudryk,bkudryk@optonline.net,,0,0,USD,20.0
2023-10-01 17:31:12+00:00,General,Oleksii Komarov,komarov.oleksii@gmail.com,DE,0,Berlin,USD,9.84
2023-10-01 17:36:27+00:00,General,Maryna Molokopoi,merrymerrymaryna@gmail.com,US,WA,Seattle,USD,30.0
2023-10-01 17:44:16+00:00,Victory Drones,Gaëlle Nauche,g.nauche@laposte.net,FR,0,Soussey,USD,73.36
2023-10-01 23:45:03+00:00,General,Oleksiy Soroka,oleksiy_soroka@yahoo.com,GB,0,LONDON,USD,39.38
2023-10-02 05:02:27+00:00,General,Yelena Zotova,yxz33@psu.edu,US,PA,State College,USD,25.0
2023-10-02 05:11:10+00:00,General,Oksana Zielinski,oksanazielin@gmail.com,US,NY,fresh Meadows,USD,25.0
2023-10-02 09:28:28+00:00,General,Yaroslav Brooke,ybrooke@gmail.com,GB,0,Leeds,USD,9.84
2023-10-02 10:19:50+00:00,1000 Drones for Ukraine,Serghei Troscenco,trolyara42@gmail.com,MD,0,Chisinau,USD,10.93
2023-10-02 11:45:00+00:00,General,Serghei Troscenco,trolyara42@gmail.com,MD,0,Chisinau,USD,11.92
2023-10-02 14:44:26+00:00,1000 Drones for Ukraine,Nikolai Fjodorov,eenik@hotmail.co.uk,GB,0,Grimsby,USD,59.08
2023-10-02 15:37:25+00:00,General,Olha Lavoryk,olhalavoryk@gmail.com,DE,0,Karlsruhe,USD,24.610000000000003
2023-10-02 20:31:50+00:00,General,Bernard Mataigne,bmataign@gmail.com,CA,0,Montreal,USD,73.83999999999999
2023-10-02 22:01:31+00:00,General,Artem Timchenko,bedankt7@gmail.com,BE,0,Sint-Amandsberg,USD,98.46
2023-10-02 23:43:30+00:00,General,Tom Preisser,tom@ecoflight.com,US,ME,Wells,USD,50.0
2023-10-03 10:56:40+00:00,General,Olha Boiko,ollhaboiko@gmail.com,PL,0,Krakow,USD,29.81
2023-10-03 19:41:43+00:00,General,Iryna Knoroz,bethany.social@gmail.com,PL,0,Kraków,USD,49.23
2023-10-04 10:02:07+00:00,Flight to Recovery,Mikhail Pereiaslavski,mpereiaslavski@gmail.com,AU,0,Homebush West,USD,99.38
2023-10-04 10:58:10+00:00,Victory Drones,Mikhail Pereiaslavski,mpereiaslavski@gmail.com,AU,0,Homebush West,USD,99.38
2023-10-04 11:03:54+00:00,Flight to Recovery,ANDREI ABRAMOV,53seasons@gmail.com,US,MD,OWINGS MILLS,USD,50.47
2023-10-04 13:46:17+00:00,General,Marco Pires,marcoolimpires@gmail.com,PT,0,Funchal,USD,9.16
2023-10-04 15:41:33+00:00,1000 Drones for Ukraine,Roman Kmyta,kmyta.rom@gmail.com,UA,0,Velyki Mosty,USD,157.55
2023-10-05 23:51:27+00:00,1000 Drones for Ukraine,Orest Walchuk,owalchuk@comcast.net,US,NJ,Pittstown,USD,146.52
2023-10-06 10:41:27+00:00,General,Olha Boiko,ollhaboiko@gmail.com,PL,0,Krakow,USD,49.23
2023-10-06 11:47:42+00:00,General,Margaryta Baumann-Gaydarzhy,m.gaydarzhy@gmail.com,DE,0,Jossgrund,USD,4.34
2023-10-06 14:13:35+00:00,General,Liliana Zez,zezlilianagm@gmail.com,DE,0,Aachen,USD,4.34
2023-10-06 17:08:18+00:00,General,Konstantin Zagrebin,zkonsti@icloud.com,US,NY,Seaford,USD,50.0
2023-10-06 18:49:03+00:00,General,Yuliia Hutsul,juliahutsul@icloud.com,US,NY,Staten Island,USD,50.0
2023-10-06 21:35:47+00:00,General,Brian Haggerty,bhaggerty@newportlaw.com,US,OR,NEWPORT,USD,25.0
2023-10-07 07:21:43+00:00,General,Mary Foster,rymeintrinseca@gmail.com,GB,0,Newport,USD,47.76
2023-10-07 10:40:28+00:00,General,Anna Filonenko,anna.filonenko@yahoo.com,US,IL,Vernon Hills,USD,25.24
2023-10-07 11:21:06+00:00,General,Julia Shchukina,shchukina.julia@gmail.com,DE,0,Bad Soden ,USD,69.0
2023-10-07 18:19:02+00:00,General,Ihor Marushchak,ihor.marushchak@gmail.com,US,NY,New York,USD,979.61
2023-10-07 20:58:44+00:00,General,"Visit New York City, Inc.",slava@ivisit.nyc,US,NY,New York,USD,100.0
2023-10-08 16:32:31+00:00,General,Vladimir Sevastyanov,vgs.12345@gmail.com,US,TX,Fort Worth,USD,100.0
2023-10-08 17:40:55+00:00,General,Oksana Sereda,oksimiercoles@gmail.com,ES,0,Adeje,USD,49.23
2023-10-09 01:09:02+00:00,1000 Drones for Ukraine,Tatiana Vorozhko,TetianaV@gmail.com,US,VA,Falls Church,USD,200.0
2023-10-09 17:28:21+00:00,1000 Drones for Ukraine,Olga Liskovych,olgaliskovych@gmail.com,CA,ON,Mississauga,USD,196.93
2023-10-09 18:35:09+00:00,1000 Drones for Ukraine,Anthony Kudin,kudin@comcast.net,US,NJ,Princeton,USD,31.85
2023-10-09 21:08:31+00:00,General,Tetiana Manziuk,tamanzyuk@gmail.com,DE,0,Berlin,USD,28.46
2023-10-10 10:30:38+00:00,General,Sofiia Nakonechna,nakonechnasonya@gmail.com,DE,0,Marburg,USD,29.81
2023-10-10 17:05:38+00:00,General,Anna Baydatska,dott.anna.baydatska@gmail.com,IT,0,Castiglione delle Stiviere,USD,28.46
2023-10-10 20:05:51+00:00,1000 Drones for Ukraine,Maria Savranska,maria.savranska@gmail.com,DE,0,Bonn,USD,49.23
2023-10-10 20:37:14+00:00,,Halyna Kryvetska,haliakryvetska@gmail.com,FR,0,Versailles,USD,96.2
2023-10-11 10:22:37+00:00,General,maryna karabynosh,marinatravel007@yahoo.com,US,NY,Brooklyn,USD,100.93
2023-10-11 11:07:34+00:00,General,Nataliia Olesiv,danfordcarmen@gmail.com,IT,0,Durham ,USD,18.81
2023-10-11 11:25:28+00:00,General,ShippingLine.org,svd2000@gmail.com,MX,0,Guadalajara,USD,4.960000000000001
2023-10-11 11:32:07+00:00,General,Viktoriia Sholkova,wendish.de@gmail.com,DE,0,Berlin,USD,23.64
2023-10-11 11:36:59+00:00,General,Denys Bulgak,bulgakden@gmail.com,FI,0,PÄLKÄNE,USD,47.76
2023-10-12 10:54:36+00:00,General,Lyudmyla Korchevska,ludmilakorchevska@gmail.com,US,VA,Arlington,USD,50.47
2023-10-13 10:13:51+00:00,General,Ed Shacklee,eshacklee@earthlink.net,US,DC,Washington,USD,25.24
2023-10-13 10:36:32+00:00,General,Kseniia Dmytriieva,kv.dmitrieva@gmail.com,US,MA,Ashland ,USD,50.47
2023-10-13 10:46:56+00:00,General,Vasylyna Berezna,vasylyna.berezna@web.de,DE,0,Mülheim an der Ruhr ,USD,29.53
2023-10-13 11:37:45+00:00,General,polina istomina,polina.istomina@gmail.com,GB,0,London,USD,47.76
2023-10-13 13:04:46+00:00,General,Iaroslav Dashivets,blw0rm@gmail.com,US,NY,Staten Island,USD,50.0
2023-10-14 00:37:34+00:00,General,Yuriy Burachok,burialviv@comcast.net,US,PA,Bensalem,USD,195.53
2023-10-14 08:51:31+00:00,General,Uwe HECHT,hecht.uwe@web.de,FR,0,Illkirch-Graffenstaden,USD,207.76
2023-10-14 09:59:51+00:00,General,Inesa Posypai,inessa.posipay@gmail.com,DE,0,Frankfurt,USD,9.16
2023-10-14 12:49:39+00:00,General,olha sachkovska,sachkovska@hotmail.it,IT,0,Pieve del Grappa,USD,47.76
2023-10-14 17:02:49+00:00,General,Stepan Fedortsiv,stepan.fedortsiv@gmail.com,UA,0,Ternopil,USD,98.46
2023-10-14 19:43:46+00:00,General,alona kondratiuk,kondratyukalona@gmail.com,US,NY,Brooklyn,USD,50.0
2023-10-15 01:59:06+00:00,General,Andriy Brynosh,andriybrynosh2106@gmail.com,US,NJ,Bridgewater,USD,391.55
2023-10-15 07:52:49+00:00,General,Olga Jésus,o.nazarkojesus@gmail.com,FR,0,Luxembourg,USD,24.610000000000003
2023-10-15 23:10:24+00:00,1000 Drones for Ukraine,Volodymyr Bogach,tigrishe@hotmail.com,US,NY,Brooklyn,USD,100.0
2023-10-16 00:05:55+00:00,Flight to Recovery,Brigitte Issel,brigitteissel@live.com,US,CA,Monterey,USD,10.0
2023-10-16 04:44:50+00:00,General,Iurii Motornyi,iurii.moto@gmail.com,CA,QC,Montréal,USD,18.81
2023-10-16 11:18:58+00:00,General,Ihor Mudryy,ihor.mudryy@gmail.com,DE,0,BERLIN,USD,99.38
2023-10-16 11:32:54+00:00,General,Sven Ruuvet,sven.rufi@gmail.com,,0,0,USD,20.95
2023-10-16 13:46:54+00:00,General,Yuriy Golovatenko,Yuriy_Golovatenko@yahoo.com,FR,0,ORSAY,USD,49.23
2023-10-16 19:11:08+00:00,General,Inna Suima,suimafsp@gmail.com,PL,0,Kępno,USD,96.02
2023-10-17 10:15:48+00:00,General,Anastasia Reznichenko,anastasiia.rn@gmail.com,CA,ON,Kitchener,USD,14.9
2023-10-17 11:12:22+00:00,Victory Drones,Natalia Zharkova,natsku008@gmail.com,GB,0,Edinburgh,USD,2.97
2023-10-17 14:05:25+00:00,General,Oleksandr Koval,askalias68@gmail.com,IT,0,Bolzano,USD,17.720000000000002
2023-10-17 18:27:21+00:00,1000 Drones for Ukraine,Igor Rubets,igor.rubets@gmail.com,CA,QC,N.D.I.P,USD,295.4
2023-10-17 18:36:55+00:00,General,Ellen Kats,athosesk@gmail.com,US,CA,SAN FRANCISCO,USD,100.0
2023-10-18 01:06:45+00:00,General,Konstantin Zagrebin,zkonsti@icloud.com,US,NY,Seaford,USD,50.0
2023-10-18 01:24:35+00:00,General,Angela Goulovitch,agoulovitch@gmail.com,US,NY,Brooklyn,USD,24.01
2023-10-18 03:13:21+00:00,General,Alexander Yaremenko,xela42004-pp@yahoo.com,US,CO,Lakewood,USD,97.52
2023-10-18 15:24:03+00:00,1000 Drones for Ukraine,Roman Kmyta,kmyta.rom@gmail.com,UA,0,Velyki Mosty,USD,157.55
2023-10-18 18:39:27+00:00,General,Vladislav Bukhtoyarov,2808878@gmail.com,GE,0,Tbilisi,USD,38.11
2023-10-19 07:21:07+00:00,General,Volodymyr Selepyna,sepa.indieman@gmail.com,PL,0,Kraków,USD,34.46
2023-10-19 10:05:57+00:00,General,Juri Lebed,Juri_Lebed@yahoo.de,DE,0,Brieselang,USD,49.23
2023-10-19 10:23:47+00:00,General,Tetiana Polyvana,tanya.polyvana@gmail.com,UA,0,Kyiv,USD,47.7
2023-10-19 10:28:56+00:00,General,Valentyna Rekkonen,rekkavala2023@gmail.com,GB,0,Farnham,USD,9.93
2023-10-19 10:32:10+00:00,General,Vladyslava Poltavtseva,vlada1926@gmail.com,PL,0,Poznań,USD,19.87
2023-10-19 11:15:08+00:00,1000 Drones for Ukraine,Veronika Yankovska,vyankovska@gmail.com,CY,0,Strovolos,USD,18.81
2023-10-19 11:41:26+00:00,General,Igor Bogdanov,biand@ukr.net,DE,0,Dresden,USD,38.5
2023-10-19 12:40:20+00:00,General,Pavlo Mileshchenko,pavlo.mileshchenko@gmail.com,US,NJ,RIDGEFIELD,USD,636.57
2023-10-19 21:55:14+00:00,General,Iurii Motornyi,iurii.moto@gmail.com,CA,QC,Montréal,USD,18.81
2023-10-20 10:18:40+00:00,General,Platon Danylov,platondanilov@gmail.com,UA,0,Kovalyn,USD,9.16
2023-10-20 10:59:48+00:00,General,Michael Levin,mblevin88@gmail.com,US,NJ,Short Hills,USD,70.08
2023-10-20 11:14:13+00:00,General,Khrystyna Oliinyk,christolll@yahoo.com,CA,BC,Vancouver,USD,9.16
2023-10-21 02:55:28+00:00,General,Oksana Boyko,oksana.o.boyko@gmail.com,US,NJ,Bloomfield,USD,100.0
2023-10-21 03:05:56+00:00,General,Gennadiy Arnautov,g.arnautovcpa@gmail.com,US,FL,Lake Worth,USD,97.52
2023-10-21 05:42:06+00:00,General,Anna Baydatska,dott.anna.baydatska@gmail.com,IT,0,Castiglione delle Stiviere,USD,28.46
2023-10-21 11:07:03+00:00,General,Anders Lundberg,anders.lundberg@hotmail.com,SE,0,Årsta,USD,23.63
2023-10-21 11:08:44+00:00,General,Green Ermine LLC,info@greenermine.com,US,NY,BROOKLYN,USD,50.47
2023-10-21 11:32:13+00:00,General,Olha Boiko,ollhaboiko@gmail.com,PL,0,Krakow,USD,24.84
2023-10-21 19:47:18+00:00,General,Mykhailo Geniuk,michel.geniuk@gmail.com,FR,0,Le Havre,USD,295.4
2023-10-22 03:59:33+00:00,1000 Drones for Ukraine,Yevgeniya Afanasenko,eugeniuccia@gmail.com,GB,0,London,USD,96.02
2023-10-22 10:42:10+00:00,1000 Drones for Ukraine,Eoghan O Coigligh,eocoigligh09@gmail.com,IE,0,Mornington,USD,196.93
2023-10-22 10:45:55+00:00,General,Daryna Kviatkivska,darya.patalakh@gmail.com,CY,0,Limassol,USD,19.87
2023-10-22 16:31:30+00:00,General,david jackson,jacko47@me.com,US,CA,manhattan beach,USD,100.0
2023-10-22 16:34:18+00:00,1000 Drones for Ukraine,david jackson,jacko47@me.com,US,CA,manhattan beach,USD,100.0
2023-10-22 17:32:11+00:00,General,ACCESS ACCOUNT,ula.holovko@gmail.com,UA,0,Odessa,USD,147.70000000000002
2023-10-23 01:17:20+00:00,General,Iryna Dobrianska,iradobrianska@gmail.com,CA,QC,Notre-Dame-de-l'Île-Perrot,USD,49.23
2023-10-23 10:28:26+00:00,Victory Drones,Diane Anderson,diatbroughton@hotmail.com,GB,0,edinburgh,USD,2.97
2023-10-23 10:42:55+00:00,General,SIXTY1DESIGN,panslavco@gmail.com,CA,BC,N.Vancouver,USD,298.14
2023-10-23 17:42:07+00:00,General,Vasylyna Berezna,vasylyna.berezna@web.de,DE,0,Berlin,USD,19.69
2023-10-23 19:31:09+00:00,Victory Drones,ILLIA TARIANIK,elltrust09@gmail.com,UA,0,Kiev,USD,19.69
2023-10-24 00:46:45+00:00,General,Nataliya Kovalenko,nkovalenko@gmail.com,AU,0,Camberwell,USD,18.81
2023-10-24 10:16:03+00:00,Flight to Recovery,Plan-H-Analytics,jeffbogey@netscape.net,US,FL,GULF BREEZE,USD,50.0
2023-10-24 13:11:44+00:00,General,Ganna Ievtushenko,ann.yevtushenko@gmail.com,NL,0,Zwaag,USD,47.76
2023-10-26 21:17:18+00:00,1000 Drones for Ukraine,Igor Bogdanov,biand@ukr.net,DE,0,Dresden,USD,23.64
2023-10-27 00:40:45+00:00,General,Maryna Molokopoi,merrymerrymaryna@gmail.com,US,WA,Seattle,USD,30.0
2023-10-27 01:23:44+00:00,General,Konstantin Zagrebin,zkonsti@icloud.com,US,NY,Seaford,USD,50.0
2023-10-27 08:39:03+00:00,General,Alex Tkachenko,aleksandr.tkachenko@gmail.com,NL,0,Almere,USD,196.93
2023-10-27 11:25:31+00:00,Victory Drones,Olga Westfall,olgawestfall77@gmail.com,,0,0,USD,100.93
2023-10-27 13:19:38+00:00,General,Olena Leonchuk,elena.leonchuk@gmail.com,US,NC,Wilmington,USD,28.91
2023-10-27 14:33:58+00:00,,Oleksandra Polishchuk,pololeksandra@gmail.com,DE,0,Darmstadt,USD,9.26
2023-10-27 19:17:20+00:00,General,Vasylyna Berezna,vasylyna.berezna@web.de,DE,0,Mülheim an der Ruhr ,USD,49.23
2023-10-28 10:24:57+00:00,General,Ruslan Monchuk,monchuk@gmail.com,DE,0,Hilden,USD,24.84
2023-10-28 10:53:44+00:00,General,Eva Horbenko,eva.horbenko@gmail.com,UA,0,Berlin,USD,9.93
2023-10-28 10:54:16+00:00,General,Yevgen Garbarenko,y.garbarenko@gmail.com,DE,0,MANNHEIM,USD,4.960000000000001
2023-10-28 11:12:55+00:00,General,Halyna Eckart,halyna.eckart@gmx.de,DE,0,Freiburg im Breisgau,USD,149.07
2023-10-28 11:28:47+00:00,General,ANDREI ABRAMOV,53seasons@gmail.com,US,MD,OWINGS MILLS,USD,50.47
2023-10-28 15:45:26+00:00,Mobile Shower Laundry Units,Igor Bogdanov,biand@ukr.net,,0,0,USD,23.64
2023-10-28 15:49:06+00:00,Flight to Recovery,Igor Bogdanov,biand@ukr.net,DE,0,Dresden,USD,23.64
2023-10-28 15:51:05+00:00,1000 Drones for Ukraine,Igor Bogdanov,biand@ukr.net,DE,0,Dresden,USD,18.81
2023-10-29 07:30:57+00:00,General,ILLYA TARYANIK,elliottar8@gmail.com,UA,0,Dnipro,USD,9.84
2023-10-29 11:18:04+00:00,General,Mikhail Pereiaslavski,mpereiaslavski@gmail.com,AU,0,Homebush West,USD,99.38
2023-10-29 17:20:46+00:00,General,Luis Mühlhoff,luis.m.2000@web.de,DE,0,Berlin,USD,18.81
2023-10-29 22:34:57+00:00,1000 Drones for Ukraine,Jonathon Squires,bmuntz1@yahoo.ca,CA,MB,Winnipeg,USD,73.83999999999999
2023-10-30 16:07:47+00:00,General,Yuliia Rasmussen,yuliia.rasmussen@meest.com,US,CA,Goleta,USD,50.0
2023-10-31 10:08:39+00:00,General,Yana Prystupa,yanaprystupa@gmail.com,US,CA,El Cerrito,USD,195.53
2023-10-31 13:48:11+00:00,General,Albert Jeroen Trotz,basekern@protonmail.com,NL,0,Schoorl,USD,984.68
2023-10-31 15:50:39+00:00,Mobile Shower Laundry Units,Andriy Boychuk,andriy@flowium.com,,0,0,USD,9.31
2023-10-31 20:15:27+00:00,Victory Drones,Fedor Molokanov,fedor.molokanov.3d@gmail.com,IT,0,Treviso,USD,98.46
2023-11-01 10:30:09+00:00,1000 Drones for Ukraine,Tetiana Ruzhylo,ruzhylotanya@gmail.com,DE,0,Mainz,USD,24.84
2023-11-01 23:44:33+00:00,General,Michael Vladimer,michael.vladimer@gmail.com,US,OR,Portland,USD,34.79
2023-11-02 03:58:54+00:00,General,Ihor Marushchak,ihor.marushchak@gmail.com,US,NY,New York,USD,489.56
2023-11-02 10:30:05+00:00,General,Serghei Troscenco,trolyara42@gmail.com,MD,0,Chisinau,USD,11.92
2023-11-02 10:37:30+00:00,General,Oleksiy Soroka,oleksiy_soroka@yahoo.com,GB,0,LONDON,USD,47.76
2023-11-02 11:03:07+00:00,1000 Drones for Ukraine,Serghei Troscenco,trolyara42@gmail.com,MD,0,Chisinau,USD,10.93
2023-11-02 11:20:03+00:00,General,Artem Timchenko,bedankt7@gmail.com,BE,0,Sint-Amandsberg,USD,98.46
2023-11-02 11:32:04+00:00,General,Tom Preisser,tom@ecoflight.com,US,ME,Wells,USD,50.0
2023-11-02 12:31:32+00:00,General,Yevgen Garbarenko,y.garbarenko@gmail.com,DE,0,MANNHEIM,USD,9.84
2023-11-02 16:49:57+00:00,General,Aliaksandr Radzivanovich,aradzivanovich@gmail.com,PL,0,Kraków,USD,49.23
2023-11-02 18:15:10+00:00,General,Olga Figman,olgafg@hotmail.com,US,IL,Wilmette,USD,300.0
2023-11-02 19:02:20+00:00,1000 Drones for Ukraine,Kateryna Blom,katya696@yahoo.com,NL,0,Weesp,USD,98.46
2023-11-02 23:32:23+00:00,General,daria goncharenko,goncharenkod@aol.com,FR,0,Paris,USD,9.84
2023-11-03 09:38:38+00:00,General,Stepan Fedortsiv,stepan.fedortsiv@gmail.com,UA,0,Ternopil,USD,98.46
2023-11-03 10:31:10+00:00,General,Olha Boiko,ollhaboiko@gmail.com,PL,0,Krakow,USD,29.81
2023-11-03 12:48:23+00:00,1000 Drones for Ukraine,Igor Bogdanov,biand@ukr.net,DE,0,Dresden,USD,33.29
2023-11-03 20:07:50+00:00,1000 Drones for Ukraine,NIKOLAY MIKHALCHUK,nikomikhal@gmail.com,US,NY,Brooklyn,USD,97.52
2023-11-04 11:07:55+00:00,Victory Drones,Mikhail Pereiaslavski,mpereiaslavski@gmail.com,AU,0,Homebush West,USD,99.38
2023-11-04 11:16:00+00:00,Flight to Recovery,Mikhail Pereiaslavski,mpereiaslavski@gmail.com,AU,0,Homebush West,USD,99.38
2023-11-04 11:17:08+00:00,Flight to Recovery,ANDREI ABRAMOV,53seasons@gmail.com,US,MD,OWINGS MILLS,USD,50.47
2023-11-04 17:05:53+00:00,1000 Drones for Ukraine,Alan Burg,aburg1106@gmail.com,US,NY,Dobbs Ferry,USD,50.0
2023-11-04 17:51:54+00:00,Mobile Shower Laundry Units,Dmytro Zakhalyavko,dmkavun@gmail.com,,0,0,USD,48.51
2023-11-04 19:40:52+00:00,General,Jennifer Smith-Izzo,jenenespana@yahoo.com,US,AZ,Cave Creek,USD,48.51
2023-11-04 20:05:25+00:00,1000 Drones for Ukraine,René van Oosterwijk,rene.v.ow@gmail.com,NL,0,Den Haag,USD,118.16
2023-11-04 20:08:09+00:00,Mobile Shower Laundry Units,René van Oosterwijk,rene.v.ow@gmail.com,,0,0,USD,96.49
2023-11-04 23:40:48+00:00,1000 Drones for Ukraine,Orest Walchuk,owalchuk@comcast.net,US,NJ,Pittstown,USD,146.52
2023-11-05 00:16:09+00:00,1000 Drones for Ukraine,Rob Milne,rmilne@adpinv.com,CA,0,Vancouver,USD,393.87
2023-11-05 01:16:04+00:00,Mobile Shower Laundry Units,David Herzog,herzogdave@hotmail.com,,0,0,USD,200.0
2023-11-05 02:06:46+00:00,1000 Drones for Ukraine,Marina Stasenko,marina.stasenko@gmail.com,US,NY,Brooklyn,USD,97.52
2023-11-05 03:59:45+00:00,1000 Drones for Ukraine,Iurii Motornyi,iurii.moto@gmail.com,CA,QC,Montréal,USD,14.760000000000002
2023-11-05 04:10:50+00:00,Mobile Shower Laundry Units,Iurii Motornyi,iurii.moto@gmail.com,,0,0,USD,13.99
2023-11-05 11:48:28+00:00,1000 Drones for Ukraine,Olha Lavoryk,olhalavoryk@gmail.com,DE,0,Karlsruhe,USD,14.760000000000002
2023-11-05 12:30:50+00:00,General,Edvīns Draba,edvins.draba@gmail.com,LV,0,Rīga,USD,9.84
2023-11-05 13:16:46+00:00,Mobile Shower Laundry Units,Ihor Marushchak,ihor.marushchak@gmail.com,,0,0,USD,489.56
2023-11-05 16:05:03+00:00,1000 Drones for Ukraine,Olena Sidlovych,olenasid@gmail.com,US,NY,Brooklyn,USD,97.52
2023-11-06 06:38:05+00:00,General,Yelena Zotova,yxz33@psu.edu,US,PA,State College,USD,50.0
2023-11-06 11:32:18+00:00,General,Margaryta Baumann-Gaydarzhy,m.gaydarzhy@gmail.com,DE,0,Jossgrund,USD,4.34
2023-11-06 11:49:42+00:00,General,Mariia Horina,maria.gorina.94@gmail.com,IE,0,Dublin 9,USD,96.02
2023-11-06 14:31:26+00:00,1000 Drones for Ukraine,Maria borisovska,maria.borisovska@gmail.com,US,OR,Portland,USD,100.0
2023-11-06 16:39:25+00:00,General,Yuriy Tsybenko,tsybay@gmail.com,CA,QC,Anjou,USD,98.46
2023-11-06 18:54:50+00:00,,Vasylyna Berezna,vasylyna.berezna@web.de,,0,0,USD,30.57
2023-11-06 20:08:41+00:00,General,SARUNAS URBONAS,SARUNASU@COX.NET,US,CT,NEWINGTON,USD,100.0
2023-11-07 10:27:52+00:00,General,Anna Filonenko,anna.filonenko@yahoo.com,US,IL,Vernon Hills,USD,25.24
2023-11-07 12:10:05+00:00,General,Julia Shchukina,shchukina.julia@gmail.com,DE,0,Bad Soden ,USD,69.0
2023-11-07 15:29:08+00:00,General,Patricia Azlin,pat@nilza.org,US,AZ,Chino Valley,USD,50.0
2023-11-07 16:53:41+00:00,General,Alla Žuravljova,alazur@email.cz,CZ,0,Praha 5,USD,14.760000000000002
2023-11-07 20:05:30+00:00,General,Iuliia Eichhofer,eichhofer.iuliia@gmail.com,DE,0,Berlin,USD,29.53
2023-11-08 00:18:08+00:00,Mobile Shower Laundry Units,Thomas Sajbel,tsajbel@gmail.com,,0,0,USD,24.01
2023-11-08 01:14:55+00:00,General,Anatoliy Garan,garana@ukr.net,US,UT,Lehi,USD,587.57
2023-11-08 14:41:57+00:00,Mobile Shower Laundry Units,Thomas Sajbel,tsajbel@gmail.com,,0,0,USD,24.01
2023-11-08 17:38:35+00:00,General,Julian Hansert,julian.hansert@posteo.de,DE,0,Hamburg ,USD,492.34
2023-11-08 20:00:52+00:00,General,Kateryna Kiriei,kyerik995@gmail.com,DE,0,Kyiv,USD,4.34
2023-11-09 01:16:00+00:00,1000 Drones for Ukraine,Olga Liskovych,olgaliskovych@gmail.com,CA,ON,Mississauga,USD,196.93
2023-11-09 15:48:46+00:00,General,Alexander Korol,alexanderkorol@msn.com,US,PA,Southampton,USD,50.0
2023-11-09 15:59:11+00:00,Flight to Recovery,Igor Bogdanov,biand@ukr.net,DE,0,Dresden,USD,18.81
2023-11-10 07:53:25+00:00,Mobile Shower Laundry Units,Axel Klug,axel.klug@klughome.de,,0,0,USD,9.16
2023-11-10 09:52:33+00:00,General,Yuriy Golovatenko,Yuriy_Golovatenko@yahoo.com,FR,0,ORSAY,USD,49.23
2023-11-10 11:07:25+00:00,General,Sofiia Nakonechna,nakonechnasonya@gmail.com,DE,0,Marburg,USD,29.81
2023-11-10 16:40:33+00:00,Mobile Shower Laundry Units,Gregory Lewis,gclewis@tl-com.com,,0,0,USD,244.53
2023-11-10 17:08:38+00:00,General,Bernard Mataigne,bmataign@gmail.com,CA,0,Montreal,USD,49.23
2023-11-10 19:13:19+00:00,Mobile Shower Laundry Units,Oleh Ilnytzkyj,oilnytzkyj@me.com,,0,0,USD,96.02
2023-11-10 19:25:06+00:00,General,Roman Zadorozhny,rzadorozhny@nyic.org,US,NY,Brooklyn,USD,100.0
2023-11-10 20:02:26+00:00,Mobile Shower Laundry Units,Tetyana Hermakovska,tania042@gmail.com,,0,0,USD,47.76
2023-11-11 00:37:34+00:00,Mobile Shower Laundry Units,jaroslav chorny,panslavco@gmail.com,,0,0,USD,385.55
2023-11-11 10:14:34+00:00,General,Denis Bulgak,bulgakden@gmail.com,FI,0,PÄLKÄNE,USD,47.76
2023-11-11 10:25:05+00:00,General,ShippingLine.org,svd2000@gmail.com,MX,0,Guadalajara,USD,4.960000000000001
2023-11-11 11:00:48+00:00,General,Viktoriia Sholkova,wendish.de@gmail.com,DE,0,Berlin,USD,23.64
2023-11-11 11:30:52+00:00,General,maryna karabynosh,marinatravel007@yahoo.com,US,NY,Brooklyn,USD,100.93
2023-11-11 11:36:56+00:00,General,Nataliia Olesiv,danfordcarmen@gmail.com,IT,0,Durham ,USD,18.81
2023-11-11 22:44:00+00:00,1000 Drones for Ukraine,Vladimir Sevastyanov,vgs.12345@gmail.com,US,TX,Fort Worth,USD,97.52
2023-11-12 11:29:56+00:00,General,Lyudmyla Korchevska,ludmilakorchevska@gmail.com,US,VA,Arlington,USD,50.47
2023-11-12 22:51:49+00:00,General,Deborah Fins,dlfins13@gmail.com,US,MA,Worcester,USD,34.79
2023-11-13 00:19:59+00:00,Flight to Recovery,Andriy Boyko,domboyko@gmail.com,US,MA,Melrose,USD,50.0
2023-11-13 08:37:38+00:00,General,Anna Kleshnia,kleshnya.anna@gmail.com,NO,0,Vollen,USD,29.53
2023-11-13 09:32:17+00:00,General,Michael Gulevskiy,gulikbox@gmail.com,UA,0,Kiev,USD,1969.39
2023-11-13 10:24:40+00:00,General,polina istomina,polina.istomina@gmail.com,GB,0,London,USD,47.76
2023-11-13 10:34:51+00:00,General,Ed Shacklee,eshacklee@earthlink.net,US,DC,Washington,USD,25.24
2023-11-13 16:55:59+00:00,General,Philip McGrail,philprints101@gmail.com,US,MA,Reading,USD,100.0
2023-11-14 02:33:39+00:00,General,Kateryna Krasynska,kkrasynska@gmail.com,US,NY,Carmel,USD,500.0
2023-11-14 19:46:34+00:00,1000 Drones for Ukraine,Ольга Жаглюк,olgazagluk@gmail.com,UA,0,Браїлів,USD,9.84
2023-11-14 20:53:04+00:00,General,Olha Lavoryk,olhalavoryk@gmail.com,DE,0,Karlsruhe,USD,9.84
2023-11-15 12:51:57+00:00,General,Yuliya Rovnova,julia.hahn@kuechenhahn.de,DE,0,Düsseldorf,USD,344.64
2023-11-15 21:58:31+00:00,General,Olha Boiko,ollhaboiko@gmail.com,PL,0,Krakow,USD,29.53
2023-11-16 01:59:16+00:00,General,Nataliya Forshaw,nkovalenko@gmail.com,AU,0,Camberwell,USD,19.69
2023-11-16 10:14:10+00:00,General,Inna Suima,suimafsp@gmail.com,PL,0,Kępno,USD,96.02
2023-11-16 10:30:53+00:00,General,Sven Ruuvet,sven.rufi@gmail.com,,0,0,USD,20.95
2023-11-16 11:28:58+00:00,General,Ihor Mudryy,ihor.mudryy@gmail.com,DE,0,BERLIN,USD,99.38
2023-11-17 10:11:20+00:00,Victory Drones,Natalia Zharkova,natsku008@gmail.com,GB,0,Edinburgh,USD,2.97
2023-11-17 14:15:15+00:00,General,Olha Lavoryk,olhalavoryk@gmail.com,DE,0,Karlsruhe,USD,14.760000000000002
2023-11-17 17:08:52+00:00,Mobile Shower Laundry Units,W Jefferson Holt,jeffersonholt@me.com,,0,0,USD,48.51
2023-11-17 20:25:47+00:00,General,Sven Ruuvet,sven.rufi@gmail.com,EE,0,Pärnumaa,USD,47.76
2023-11-17 22:24:33+00:00,Mobile Shower Laundry Units,Brigitte Issel,brigitteissel@live.com,,0,0,USD,9.31
2023-11-17 22:44:07+00:00,Mobile Shower Laundry Units,Igor Rubets,igor.rubets@gmail.com,,0,0,USD,675.08
2023-11-18 00:45:38+00:00,General,Natalie Tolley,natatolley@gmail.com,US,TN,Nashville,USD,20.0
2023-11-18 12:28:28+00:00,Mobile Shower Laundry Units,Gennadiy Arnautov,g.arnautovcpa@gmail.com,,0,0,USD,48.51
2023-11-18 12:34:16+00:00,General,Tetiana Shakhovtseva,tetianashakhovtseva@gmail.com,DK,0,Mariager,USD,18.81
2023-11-18 22:38:07+00:00,General,Olga D‘Attoma,olgadattoma@gmail.com,DE,0,Hamburg,USD,47.76
2023-11-18 23:04:10+00:00,General,Roman Poltoratskyy,r.poltoratski@t-online.de,DE,0,Stuttgart,USD,98.46
2023-11-18 23:23:13+00:00,General,Alexander Yaremenko,xela42004-pp@yahoo.com,US,CO,Lakewood,USD,200.0
2023-11-19 04:26:29+00:00,General,Mariya Dashkevych,mm.dashkevych@gmail.com,US,WA,Everett,USD,9.31
2023-11-19 10:01:04+00:00,1000 Drones for Ukraine,Veronika Yankovska,vyankovska@gmail.com,CY,0,Strovolos,USD,18.81
2023-11-19 10:27:21+00:00,General,Valentyna Rekkonen,rekkavala2023@gmail.com,GB,0,Farnham,USD,9.93
2023-11-19 10:52:36+00:00,General,Tetiana Polyvana,tanya.polyvana@gmail.com,UA,0,Kyiv,USD,47.7
2023-11-19 11:19:52+00:00,General,Vladyslava Poltavtseva,vlada1926@gmail.com,PL,0,Poznań,USD,19.87
2023-11-19 15:06:54+00:00,General,Оксана Бабіч,oksanababich48@gmail.com,UA,0,Київ,USD,9.16
2023-11-20 02:25:46+00:00,General,Yukhym Chupakhin,efiro11@gmail.com,US,NY,Brooklyn,USD,50.0
2023-11-20 09:51:55+00:00,General,Kateryna Kiriei,kyerik995@gmail.com,DE,0,Kyiv,USD,29.53
2023-11-20 09:57:01+00:00,General,Oleksandr Koval,askalias68@gmail.com,IT,0,Bolzano,USD,9.84
2023-11-20 10:24:08+00:00,General,Khrystyna Oliinyk,christolll@yahoo.com,CA,BC,Vancouver,USD,9.16
2023-11-20 10:40:31+00:00,General,Michael Levin,mblevin88@gmail.com,US,NJ,Short Hills,USD,70.08
2023-11-20 10:46:54+00:00,General,Platon Danylov,platondanilov@gmail.com,UA,0,Kovalyn,USD,9.16
2023-11-20 11:13:22+00:00,General,Dmytro Pohrebennyk,dmytropohrebennyk@gmail.com,US,NJ,Clifton,USD,97.52
2023-11-20 14:05:31+00:00,1000 Drones for Ukraine,Olena Ullmann,elene.d@gmail.com,AT,0,Ernstbrunn,USD,19.69
2023-11-20 20:34:15+00:00,1000 Drones for Ukraine,Lyudmyla Fouilleul,lyudmyla.fouilleul@gmail.com,FR,0,Ruy,USD,34.46
2023-11-21 10:06:18+00:00,General,Olha Boiko,ollhaboiko@gmail.com,PL,0,Krakow,USD,24.84
2023-11-21 10:08:27+00:00,General,Green Ermine LLC,info@greenermine.com,US,NY,BROOKLYN,USD,50.47
2023-11-21 10:25:39+00:00,General,Olha Boiko,ollhaboiko@gmail.com,PL,0,Krakow,USD,34.46
2023-11-21 10:59:19+00:00,General,Anders Lundberg,anders.lundberg@hotmail.com,SE,0,Årsta,USD,23.63
2023-11-21 11:52:43+00:00,General,Al Baymar,sanesoft@yahoo.com,US,NH,Nashua,USD,250.0
2023-11-21 20:33:06+00:00,General,Daniel Fiumicelli,daniel.fiumicelli@gmail.com,IT,0,Galliate,USD,9.16
2023-11-22 02:07:56+00:00,General,Hanna Spasonova,hanna.freeway@gmail.com,DE,0,Duisburg,USD,9.16
2023-11-22 02:09:29+00:00,1000 Drones for Ukraine,Hanna Spasonova,hanna.freeway@gmail.com,DE,0,Duisburg,USD,9.16
2023-11-22 04:07:18+00:00,General,Viktor Ochkovsky,fellsky@gmail.com,US,NJ,Edgewater,USD,500.0
2023-11-22 10:04:39+00:00,General,Daryna Kviatkivska,darya.patalakh@gmail.com,CY,0,Limassol,USD,19.87
2023-11-22 16:07:06+00:00,1000 Drones for Ukraine,Roman Kmyta,kmyta.rom@gmail.com,UA,0,Velyki Mosty,USD,157.55
2023-11-23 10:06:54+00:00,General,Kseniia Dmytriieva,kv.dmitrieva@gmail.com,US,MA,Ashland ,USD,50.47
2023-11-23 10:30:39+00:00,Victory Drones,Diane Anderson,diatbroughton@hotmail.com,GB,0,edinburgh,USD,2.97
2023-11-23 10:34:18+00:00,General,SIXTY1DESIGN,panslavco@gmail.com,CA,BC,N.Vancouver,USD,298.14
2023-11-23 12:21:24+00:00,General,Yuri Deychakiwsky,ydeychak3@comcast.net,US,MD,North Potomac,USD,500.0
2023-11-23 15:35:44+00:00,General,Nadiya Stasiv,nadiyastasiv@yahoo.com,US,AR,Gentry,USD,50.0
2023-11-23 16:08:37+00:00,General,Igor Bogdanov,biand@ukr.net,DE,0,Dresden,USD,28.46
2023-11-23 21:07:06+00:00,General,Irina Губарева,snegir.d@yahoo.com,UA,0,Kyiv,USD,78.76
2023-11-24 10:16:24+00:00,Flight to Recovery,Plan-H-Analytics,jeffbogey@netscape.net,US,FL,GULF BREEZE,USD,50.0
2023-11-24 10:50:52+00:00,Victory Drones,Andriy Brynosh,andriybrynosh2106@gmail.com,US,NJ,Bridgewater,USD,97.52
2023-11-24 19:12:14+00:00,1000 Drones for Ukraine,Oksana Zielinski,Oksanazielin@gmail.com,US,NY,Fresh Meadows,USD,25.0
2023-11-25 08:35:16+00:00,1000 Drones for Ukraine,Robert May,robert.w.may@outlook.com,GB,0,East Hendred,USD,49.23
2023-11-25 10:48:04+00:00,General,Khrystyna Chelak,khrystyna.chelak@gmail.com,GB,0,Reading,USD,590.81
2023-11-25 13:31:35+00:00,1000 Drones for Ukraine,Vasylyna Berezna,vasylyna.berezna@web.de,DE,0,Mülheim an der Ruhr ,USD,196.93
2023-11-25 17:29:03+00:00,General,Olha Lavoryk,olhalavoryk@gmail.com,DE,0,Karlsruhe,USD,9.84
2023-11-25 17:41:32+00:00,General,Elias Valeri,elias.valeri87@gmail.com,IT,0,Pordenone,USD,18.71
2023-11-25 18:54:14+00:00,General,Volodymyr Selepyna,sepa.indieman@gmail.com,PL,0,Krakow,USD,29.53
2023-11-26 04:27:15+00:00,General,Joshua Carrasquedo,joshuac296@gmail.com,US,MN,Isanti,USD,100.0
2023-11-26 14:18:31+00:00,General,Riitta-Liisa Valijarvi,rvalijarvi@gmail.com,GB,0,Enfield,USD,19.69
2023-11-26 19:12:10+00:00,Mobile Shower Laundry Units,René van Oosterwijk,rene.v.ow@gmail.com,,0,0,USD,96.02
2023-11-26 19:28:18+00:00,General,Mykhailo Geniuk,michel.geniuk@gmail.com,FR,0,Le Havre,USD,196.93
2023-11-26 23:40:50+00:00,General,Nataliia Maievska,maievska.senyuta@gmail.com,US,HI,Honokaa,USD,28.91
2023-11-27 01:53:49+00:00,General,Mark Dinsmore,dinsmore.m111@gmail.com,US,CO,COLORADO SPRINGS,USD,100.0
2023-11-27 10:41:22+00:00,Victory Drones,Olga Westfall,olgawestfall77@gmail.com,,0,0,USD,100.93
2023-11-27 19:03:27+00:00,General,Yevhen Soroka,soroka.jeka2002@gmail.com,UA,0,Панютине,USD,49.23
2023-11-27 19:47:17+00:00,General,Angelina Boer,angels.boer@gmail.com,NL,0,Amsterdam,USD,50.66
2023-11-27 22:02:28+00:00,General,Igor Rubets,igor.rubets@gmail.com,CA,QC,N.D.I.P,USD,984.68
2023-11-28 00:04:21+00:00,Mobile Shower Laundry Units,Aerial Vistas,bjonckhe@gmail.com,,0,0,USD,19.11
2023-11-28 10:53:57+00:00,General,Halyna Eckart,halyna.eckart@gmx.de,DE,0,Freiburg im Breisgau,USD,149.07
2023-11-28 11:06:56+00:00,General,ANDREI ABRAMOV,53seasons@gmail.com,US,MD,OWINGS MILLS,USD,50.47
2023-11-28 11:16:09+00:00,General,Ruslan Monchuk,monchuk@gmail.com,DE,0,Hilden,USD,24.84
2023-11-28 11:32:29+00:00,General,Eva Horbenko,eva.horbenko@gmail.com,UA,0,Berlin,USD,9.93
2023-11-28 11:35:29+00:00,General,Yevgen Garbarenko,y.garbarenko@gmail.com,DE,0,MANNHEIM,USD,4.960000000000001
2023-11-28 16:08:56+00:00,1000 Drones for Ukraine,Halyna Shtoyko,hshtoyko5@gmail.com,CA,MB,Winnipeg,USD,98.46
2023-11-28 18:08:00+00:00,General,Igor Tumasov,airtuma@gmail.com,US,NY,New York,USD,20.0
2023-11-28 19:07:36+00:00,Mobile Shower Laundry Units,GREEN AIR CARE LLC,cleaningproserv@gmail.com,,0,0,USD,48.51
2023-11-28 20:26:56+00:00,Mobile Shower Laundry Units,Amara Ricord,amara.ricord@gmail.com,,0,0,USD,97.52
2023-11-29 01:34:16+00:00,Mobile Shower Laundry Units,Andriy Boyko,domboyko@gmail.com,,0,0,USD,24.01
2023-11-29 07:03:18+00:00,Mobile Shower Laundry Units,Radyslava Bruskova,alisa092@ukr.net,,0,0,USD,9.16
2023-11-29 10:08:31+00:00,Flight to Recovery,Iurii Girba,no_rebel@ukr.net,PL,0,Lublin,USD,9.84
2023-11-29 10:11:37+00:00,Mobile Shower Laundry Units,Iurii Girba,no_rebel@ukr.net,,0,0,USD,9.16
2023-11-29 10:17:05+00:00,1000 Drones for Ukraine,Iurii Girba,no_rebel@ukr.net,PL,0,Lublin,USD,9.84
2023-11-29 11:15:08+00:00,General,Mikhail Pereiaslavski,mpereiaslavski@gmail.com,AU,0,Homebush West,USD,99.38
2023-11-29 12:01:23+00:00,Victory Drones,Ganna Ievtushenko,ann.yevtushenko@gmail.com,NL,0,Zwaag,USD,47.76
2023-11-29 14:27:09+00:00,,0,0,,0,0,EURUSD,98.88
2023-11-29 14:27:29+00:00,,0,0,,0,0,GBPUSD,111.44
2023-11-29 16:06:43+00:00,1000 Drones for Ukraine,Roman Kmyta,kmyta.rom@gmail.com,UA,0,Velyki Mosty,USD,157.55
2023-11-29 16:16:42+00:00,1000 Drones for Ukraine,Igor Bogdanov,biand@ukr.net,DE,0,Dresden,USD,47.76
2023-11-30 00:28:59+00:00,General,Lesya Kalynska,l.kalynska@gmail.com,US,NY,Maspeth,USD,53.42
2023-11-30 10:21:51+00:00,General,Yana Prystupa,yanaprystupa@gmail.com,US,CA,El Cerrito,USD,195.53
2023-11-30 16:14:12+00:00,General,Юрий Кравчук,flex301@gmail.com,UA,0,Днепропетровск,USD,5.3
2023-11-30 18:31:28+00:00,,Darya Marchuk,dashamarchuk@icloud.com,DK,0,Kolding,EUR,24.27
2023-11-30 20:50:36+00:00,General,Viktoriia Bohdanova,vbohdanova@gmail.com,CA,QC,Salaberry-de-Valleyfield,USD,147.70000000000002
2023-12-01 10:29:48+00:00,1000 Drones for Ukraine,Tetiana Ruzhylo,ruzhylotanya@gmail.com,DE,0,Mainz,USD,24.84
2023-12-01 13:30:20+00:00,General,VIKTORIYA KLEMENTYEVA,vichkak@gmail.com,US,NJ,Basking Ridge,USD,50.0
2023-12-01 15:15:12+00:00,General,Olha Lavoryk,olhalavoryk@gmail.com,DE,0,Karlsruhe,USD,39.38
2023-12-01 15:42:10+00:00,Mobile Shower Laundry Units,James Pretty,prettyjk@icloud.com,,0,0,USD,587.57
2023-12-01 18:24:02+00:00,General,Yelena Zotova,yxz33@psu.edu,US,PA,State College,USD,50.0
2023-12-01 20:12:53+00:00,1000 Drones for Ukraine,Oleksandra Chernata,lesja.bun@gmail.com,FR,0,PUTEAUX,USD,49.23
2023-12-02 10:04:08+00:00,General,Artem Timchenko,bedankt7@gmail.com,BE,0,Sint-Amandsberg,USD,98.46
2023-12-02 10:19:43+00:00,General,Serghei Troscenco,trolyara42@gmail.com,MD,0,Chisinau,USD,11.92
2023-12-02 10:19:44+00:00,General,Tom Preisser,tom@ecoflight.com,US,ME,Wells,USD,50.0
2023-12-02 11:31:01+00:00,General,Yevgen Garbarenko,y.garbarenko@gmail.com,DE,0,MANNHEIM,USD,9.84
2023-12-02 11:44:47+00:00,1000 Drones for Ukraine,Serghei Troscenco,trolyara42@gmail.com,MD,0,Chisinau,USD,10.93
2023-12-02 15:39:52+00:00,General,Sharen raeside,deeraeside@gmail.com,US,GA,atlanta,USD,20.0
2023-12-02 15:48:12+00:00,General,Leah Denison,lkwdenison@gmail.com,US,GA,Decatur,USD,45.0
2023-12-02 15:59:25+00:00,General,Virginia Legener,velegener@gmail.com,US,GA,ATLANTA,USD,9.31
2023-12-02 16:22:24+00:00,1000 Drones for Ukraine,Caitlin Dean,kitatkins@gmail.com,US,GA,Decatur,USD,33.81
2023-12-02 16:35:10+00:00,General,Anne Topple,cheztop@gmail.com,US,GA,Decatur,USD,40.0
2023-12-02 17:11:18+00:00,,Life Illuminated,karchiba@gmail.com,US,GA,Atlanta,USD,33.81
2023-12-02 18:54:12+00:00,General,Alison Valk,alison.valk@library.gatech.edu,US,GA,Decatur,USD,68.12
2023-12-02 19:38:37+00:00,General,Samantha McMahan,samantha.mcmahan@earthlink.net,US,GA,Decatur,USD,14.21
2023-12-02 19:39:43+00:00,Mobile Shower Laundry Units,Yuliya Tsepkalo,julia.tsepkalo00@gmail.com,,0,0,USD,979.61
2023-12-02 22:57:08+00:00,General,Luis Mühlhoff,luis.m.2000@web.de,DE,0,Berlin,USD,19.69
2023-12-03 10:37:13+00:00,General,Olha Boiko,ollhaboiko@gmail.com,PL,0,Krakow,USD,29.81
2023-12-03 20:24:14+00:00,1000 Drones for Ukraine,Lyudmyla Fouilleul,lyudmyla.fouilleul@gmail.com,FR,0,Ruy,USD,39.38
2023-12-04 11:14:20+00:00,Flight to Recovery,ANDREI ABRAMOV,53seasons@gmail.com,US,MD,OWINGS MILLS,USD,50.47
2023-12-04 11:25:56+00:00,Flight to Recovery,Mikhail Pereiaslavski,mpereiaslavski@gmail.com,AU,0,Homebush West,USD,99.38
2023-12-04 11:36:06+00:00,General,Oleksandra Zapolska,hi_sasha_glasha@yahoo.de,DE,0,Duisburg,USD,19.69
2023-12-04 11:43:45+00:00,Victory Drones,Mikhail Pereiaslavski,mpereiaslavski@gmail.com,AU,0,Homebush West,USD,99.38
2023-12-04 13:58:04+00:00,1000 Drones for Ukraine,Louise Cannon,louisecannon52@gmail.com,GB,0,Leeds,USD,192.53
2023-12-04 15:37:11+00:00,General,Alexander Belokowsky,aleksbel@aol.com,US,NY,Brooklyn,USD,0.49
2023-12-05 05:50:19+00:00,Mobile Shower Laundry Units,Vasyl Mostovyi,mvasyl1991@gmail.com,,0,0,USD,19.11
2023-12-05 17:30:23+00:00,Mobile Shower Laundry Units,Aleksey Lukyanov-Cherny,aleksey@rubinhill.works,,0,0,USD,97.52
2023-12-05 18:40:40+00:00,General,Peter Jenny,mr.p.jenny@gmail.com,US,MA,Lunenburg,USD,19.11
2023-12-05 18:42:04+00:00,Mobile Shower Laundry Units,Peter Jenny,mr.p.jenny@gmail.com,,0,0,USD,20.09
2023-12-05 19:06:27+00:00,General,Nikolay Mikhalchuk,nikomikhal@gmail.com,US,NY,Brooklyn,USD,100.0
2023-12-05 19:27:52+00:00,1000 Drones for Ukraine,Klaas Martens,kandmhfarm@lakevieworganicgrain.com,US,NY,Penn Yan,USD,48.51
2023-12-05 19:40:36+00:00,,Iurie Stoliar,yurikfbi75@gmail.com,DE,0,Hamburg,EUR,96.12
2023-12-06 00:11:03+00:00,General,Stanislav Demochko,sdemochko@yahoo.com,US,PA,Lake Ariel,USD,195.53
2023-12-06 10:15:10+00:00,General,Margaryta Baumann-Gaydarzhy,m.gaydarzhy@gmail.com,DE,0,Jossgrund,USD,4.34
2023-12-06 20:31:16+00:00,General,Daniel Fiumicelli,daniel.fiumicelli@gmail.com,IT,0,Galliate,USD,18.81
2023-12-06 22:40:21+00:00,General,Anastasia Langley,a_khoperskova@ukr.net,DE,0,Augsburg,USD,49.23
2023-12-06 23:04:04+00:00,1000 Drones for Ukraine,Olga Liskovych,olgaliskovych@gmail.com,CA,ON,Mississauga,USD,196.93
2023-12-07 09:51:56+00:00,Victory Drones,Dana Moscaliov,dana.karpinska@gmail.com,AU,0,Dianella,USD,98.46
2023-12-07 10:12:26+00:00,General,Julia Shchukina,shchukina.julia@gmail.com,DE,0,Bad Soden ,USD,69.0
2023-12-07 10:19:53+00:00,General,Anna Filonenko,anna.filonenko@yahoo.com,US,IL,Vernon Hills,USD,25.24
2023-12-07 10:52:32+00:00,General,Patricia Azlin,pat@nilza.org,US,AZ,Chino Valley,USD,50.0
2023-12-07 11:08:12+00:00,Victory Drones,Andriy Paliy,andriy.paliy42@gmail.com,ES,0,Vigo,USD,9.84
2023-12-07 12:23:23+00:00,General,Tamara Goy,tamara_goy@yahoo.it,DE,0,Garmisch-Partenkirchen,USD,47.76
2023-12-07 15:43:59+00:00,1000 Drones for Ukraine,Olena Logvinova,fleur_douce@ukr.net,UA,0,Kharkiv,USD,9.16
2023-12-07 19:21:23+00:00,1000 Drones for Ukraine,Igor Bogdanov,biand@ukr.net,DE,0,Dresden,USD,23.64
2023-12-07 20:40:26+00:00,General,Dmitry Chernysh,dmitry.chernysh@icloud.com,AU,0,Brunswick East,USD,19.69
2023-12-07 22:00:35+00:00,General,Vladimir Sevastyanov,vgs.12345@gmail.com,US,TX,Fort Worth,USD,100.0
2023-12-07 22:20:44+00:00,,Iurie Stoliar,yurikfbi75@gmail.com,DE,0,Hamburg,EUR,96.12
2023-12-08 05:19:43+00:00,Victory Drones,Oksana Boyko,oksana.o.boyko@gmail.com,US,NJ,Bloomfield,USD,100.0
2023-12-08 07:17:56+00:00,,Tetiana Shakhovtseva,tetianashakhovtseva@gmail.com,DK,0,Mariager,USD,18.81
2023-12-08 18:02:48+00:00,1000 Drones for Ukraine,Nadia Poluha,nadia-e-p@outlook.com,CA,QC,Montréal,USD,289.04
2023-12-08 20:59:23+00:00,Victory Drones,Nicholas Summerlin,nicholas.summerlin@gmail.com,US,WA,kent,USD,200.0
2023-12-08 21:29:15+00:00,General,Yuliia Rasmussen,yuliia.rasmussen@meest.com,US,NJ,port reading,USD,50.0
2023-12-09 00:33:53+00:00,Mobile Shower Laundry Units,Galyna Zakhalyavko,zakhalyavko@hotmail.com,,0,0,USD,489.56
2023-12-09 01:00:45+00:00,General,Victor Ochkovskiy,VOchkovskiy@OWLProgramming.com,US,NJ,Edgewater,USD,979.61
2023-12-09 04:13:14+00:00,General,Stepan Demochko,stepandemochko@gmail.com,US,PA,Lake Ariel,USD,200.0
2023-12-09 05:04:26+00:00,1000 Drones for Ukraine,"McCrea Research, Inc.",ken@germannames.com,US,PA,Stevens,USD,50.0
2023-12-09 11:29:11+00:00,Victory Drones,Hendrik Oltmann,das_kruemel_monster@web.de,DE,0,Oldenburg,USD,73.83999999999999
2023-12-09 19:18:34+00:00,Mobile Shower Laundry Units,Andriy Paliy,andriy.paliy42@gmail.com,,0,0,USD,9.16
2023-12-09 20:45:34+00:00,General,Ton Kapinga,tjkap1@kpnmail.nl,NL,0,Epse,USD,192.01
2023-12-09 21:11:35+00:00,General,Olha Boiko,ollhaboiko@gmail.com,PL,0,Krakow,USD,57.42
2023-12-10 00:24:32+00:00,General,Amy Janes,amy_janesaz@yahoo.com,US,AZ,Scottsdale,USD,50.0
2023-12-10 10:32:19+00:00,General,Peter Rolfes,peter.rolfes@gmail.com,DE,0,Bonn,USD,123.68
2023-12-10 10:36:49+00:00,General,Sofiia Nakonechna,nakonechnasonya@gmail.com,DE,0,Marburg,USD,29.81
2023-12-10 16:05:05+00:00,General,vira Shcherbyuk,virok21@gmail.com,US,IL,Elmwood Park,USD,97.52
2023-12-10 17:52:30+00:00,General,Sergej Scharapa,sergi.sharapa@gmail.com,DE,0,Senden,USD,29.53
2023-12-10 18:00:42+00:00,,Olha Halytsia,ohalytsya@kse.org.ua,DE,0,Freising,USD,14.41
2023-12-10 18:20:19+00:00,General,Stepan Fedortsiv,stepan.fedortsiv@gmail.com,UA,0,Ternopil,USD,49.23
2023-12-10 18:40:43+00:00,General,Julia Skuibida,julia.skuibida@gmail.com,US,IL,Chicago ,USD,2449.76
2023-12-10 21:36:26+00:00,General,Georg Cyriax,georg.cyriax@web.de,DE,0,Dresden,USD,29.53
2023-12-11 00:18:39+00:00,General,Anton Michalczyk,20anton.micha05@gmail.com,DE,0,Nordwalde,USD,38.11
2023-12-11 03:01:03+00:00,General,Marta Farion,marta@farion.org,US,IL,Chicago,USD,500.0
2023-12-11 03:10:57+00:00,General,Anastasiia Shmotolokha,anastasiashmotolokha@gmail.com,CA,ON,Toronto,USD,4.34
2023-12-11 06:38:13+00:00,1000 Drones for Ukraine,Andriy Paliy,andriy.paliy42@gmail.com,ES,0,Vigo,USD,9.84
2023-12-11 10:07:35+00:00,General,ShippingLine.org,svd2000@gmail.com,MX,0,Guadalajara,USD,4.960000000000001
2023-12-11 10:13:40+00:00,General,Viktoriia Sholkova,wendish.de@gmail.com,DE,0,Berlin,USD,23.64
2023-12-11 10:19:12+00:00,General,maryna karabynosh,marinatravel007@yahoo.com,US,NY,Brooklyn,USD,100.93
2023-12-11 10:29:16+00:00,General,Denis Bulgak,bulgakden@gmail.com,FI,0,PÄLKÄNE,USD,47.76
2023-12-11 11:29:31+00:00,General,Nataliia Olesiv,danfordcarmen@gmail.com,IT,0,Durham ,USD,18.81
2023-12-11 12:10:06+00:00,General,Kateryna Podkalenko,kateryna.podkalenko@gmail.com,BE,0,ANTWERP ,USD,96.02
2023-12-11 13:51:20+00:00,General,Olga Vysotska,olga@psypub.com,GB,0,Surbiton,USD,98.46
2023-12-11 15:20:47+00:00,General,Roman Pyasta,romn77@gmail.com,US,WI,Waukesha,USD,97.52
2023-12-11 16:21:21+00:00,General,Volodymyr Selepyna,sepa.indieman@gmail.com,PL,0,Krakow,USD,49.23
2023-12-12 05:03:12+00:00,General,Svitlana Ivanyshyn-Ugryna,yndinafranko@gmail.com,US,IL,Chicago,USD,200.0
2023-12-12 11:08:06+00:00,General,Lyudmyla Korchevska,ludmilakorchevska@gmail.com,US,VA,Arlington,USD,50.47
2023-12-12 17:09:56+00:00,Mobile Shower Laundry Units,Pamela Walker,Pwalker.k@gmail.com,,0,0,USD,97.52
2023-12-12 17:29:56+00:00,Mobile Shower Laundry Units,Hendrik Oltmann,das_kruemel_monster@web.de,,0,0,USD,86.37
2023-12-12 19:44:09+00:00,General,Green people: handmade shop,iryna.suprun@gmail.com,US,NJ,New Providence,USD,20.0
2023-12-13 03:37:15+00:00,General,ivanna mazur,kotuk75@gmail.com,US,IL,PALATINE,USD,350.0
2023-12-13 10:10:00+00:00,General,Kseniia Dmytriieva,kv.dmitrieva@gmail.com,US,MA,Ashland ,USD,50.47
2023-12-13 10:22:01+00:00,General,polina istomina,polina.istomina@gmail.com,GB,0,London,USD,47.76
2023-12-13 11:41:29+00:00,General,Ed Shacklee,eshacklee@earthlink.net,US,DC,Washington,USD,25.24
2023-12-13 16:58:54+00:00,General,Yuliia Rasmussen,yuliia.rasmussen@meest.com,US,NJ,Port Reading,USD,97.52
2023-12-14 01:33:14+00:00,General,Kristina Barbazuk,k.barbazyuk86@gmail.com,US,IL,Chicago,USD,30.0
2023-12-14 02:29:57+00:00,General,Iurii Baiurak,iurii.baiurak@gmail.com,US,NJ,Rutherford,USD,50.0
2023-12-14 16:15:57+00:00,General,Henrik Muehlhoff,henrik.muehlhoff@gmail.com,DE,0,Köln,USD,196.93
2023-12-15 06:14:05+00:00,General,Oksana Boyko,oksana.o.boyko@gmail.com,US,NJ,Bloomfield,USD,100.0
2023-12-15 12:36:53+00:00,1000 Drones for Ukraine,Andriy Paliy,andriy.paliy42@gmail.com,ES,0,Vigo,USD,9.84
2023-12-15 13:58:17+00:00,1000 Drones for Ukraine,Roman Kmyta,kmyta.rom@gmail.com,UA,0,Velyki Mosty,USD,157.55
2023-12-15 16:09:37+00:00,Mobile Shower Laundry Units,Patrick DeCarlo,patrickd@blbglaw.com,,0,0,USD,48.51
2023-12-16 04:55:21+00:00,General,Orla Mahon,orlaroisin@faeryreel.com,CA,QC,Saint-Lazare,USD,0.48
2023-12-16 05:15:21+00:00,1000 Drones for Ukraine,Iurii Motornyi,iurii.moto@gmail.com,CA,QC,Montreal,USD,14.760000000000002
2023-12-16 11:25:51+00:00,General,Inna Suima,suimafsp@gmail.com,PL,0,Kępno,USD,96.02
2023-12-16 11:30:15+00:00,General,Ihor MudryyIhor Mudryy,ihor.mudryy@gmail.comihor.mudryy@gmail.com,DEDE,0,BerlinBERLIN,USDUSD,198.76
2023-12-16 11:31:22+00:00,General,Sven Ruuvet,sven.rufi@gmail.com,,0,0,USD,20.95
2023-12-17 10:12:18+00:00,Victory Drones,Natalia Zharkova,natsku008@gmail.com,GB,0,Edinburgh,USD,2.97
2023-12-17 10:58:24+00:00,General,Sven Ruuvet,sven.rufi@gmail.com,EE,0,Pärnumaa,USD,47.76
2023-12-17 18:11:31+00:00,1000 Drones for Ukraine,Yuriy Kucher,yuriykucher87@gmail.com,US,NY,Prattsville,USD,48.51
2023-12-17 18:30:05+00:00,1000 Drones for Ukraine,Juri Lebed,Juri_Lebed@yahoo.de,DE,0,Brieselang,USD,49.23
2023-12-17 21:57:17+00:00,General,Gwenn Garden,gwenngarden@gmail.com,US,NC,Raleigh,USD,979.61
2023-12-18 03:48:56+00:00,1000 Drones for Ukraine,Mattan Rojstaczer,mattan.r@gmail.com,US,OH,Cincinnati,USD,50.0
2023-12-18 10:17:47+00:00,,Alex Tkachenko,aleksandr.tkachenko@gmail.com,NL,0,Almere,USD,501.24
2023-12-18 11:29:07+00:00,General,Olga D‘Attoma,olgadattoma@gmail.com,DE,0,Hamburg,USD,47.76
2023-12-18 15:14:01+00:00,General,Jared Surnamer,jsurnamer@gmail.com,US,PA,Bethlehem,USD,489.56
2023-12-19 10:34:17+00:00,General,Tetiana Polyvana,tanya.polyvana@gmail.com,UA,0,Kyiv,USD,47.7
2023-12-19 10:34:20+00:00,General,Valentyna Rekkonen,rekkavala2023@gmail.com,GB,0,Farnham,USD,9.93
2023-12-19 10:41:45+00:00,General,Vladyslava Poltavtseva,vlada1926@gmail.com,PL,0,Poznań,USD,19.87
2023-12-19 11:17:52+00:00,1000 Drones for Ukraine,Veronika Yankovska,vyankovska@gmail.com,CY,0,Strovolos,USD,18.81
2023-12-19 19:38:34+00:00,Victory Drones,BRIAN DOUGHERTY,1briandougherty@gmail.com,US,IA,Dubuque,USD,100.0
2023-12-19 21:33:17+00:00,General,Oksana Stoliar,oksanastoliar26@gmail.com,DE,0,Hamburg,USD,98.46
2023-12-19 21:45:10+00:00,General,Anna Baydatska,dott.anna.baydatska@gmail.com,IT,0,Castiglione Delle Stiviere,USD,18.81
2023-12-20 06:23:23+00:00,General,Halyna Kryvetska,haliakryvetska@gmail.com,FR,0,Versailles,USD,98.46
2023-12-20 10:04:52+00:00,General,Michael Levin,mblevin88@gmail.com,US,NJ,Short Hills,USD,70.08
2023-12-20 10:36:35+00:00,General,Platon Danylov,platondanilov@gmail.com,UA,0,Kovalyn,USD,9.16
2023-12-20 10:38:45+00:00,Victory Drones,Andriy Paliy,andriy.paliy42@gmail.com,ES,0,Vigo,USD,9.84
2023-12-20 11:12:06+00:00,,Tamara Goy,tamara_goy@yahoo.it,DE,0,Garmisch-Partenkirchen,USD,50.06
2023-12-20 19:30:25+00:00,General,Igor Rubets,igor.rubets@gmail.com,CA,QC,N.D.I.P,USD,492.34
2023-12-21 00:21:02+00:00,Flight to Recovery,Andrii Chemerysov,ac2410.andrew@gmail.com,US,PA,Philadelphia,USD,4.41
2023-12-21 00:42:46+00:00,1000 Drones for Ukraine,Andriy Hlushko,anhlushko@gmail.com,US,PA,Warminster,USD,50.0
2023-12-21 01:15:56+00:00,General,Andriy Kostiv,andriy.kostiv@gmail.com,US,PA,Philadelphia,USD,97.52
2023-12-21 02:23:24+00:00,1000 Drones for Ukraine,Natalie Hursky,nhursky@yahoo.com,US,PA,Cheltenham,USD,500.0
2023-12-21 03:35:26+00:00,General,Roman Strakovsky,rstrakovsky@gmail.com,US,PA,Philadelphia,USD,40.0
2023-12-21 03:47:19+00:00,1000 Drones for Ukraine,Svitlana Tsukanova,svitlana.tsukanova@gmail.com,US,TX,San Antonio,USD,100.0
2023-12-21 03:49:52+00:00,Mobile Shower Laundry Units,Adrienne Carman,goosenotes@gmail.com,,0,0,USD,9.31
2023-12-21 05:49:42+00:00,General,Natalie Sherstyuk,Natskeys@yahoo.com,US,PA,Jenkintown,USD,97.52
2023-12-21 07:26:12+00:00,Mobile Shower Laundry Units,Lachlan Harris,sternguard.gaming@gmail.com,,0,0,USD,23.64
2023-12-21 07:26:50+00:00,General,Stijn van Luijtelaar,solid_stijn@hotmail.com,NL,0,Eindhoven,USD,9.84
2023-12-21 10:03:16+00:00,General,Anders Lundberg,anders.lundberg@hotmail.com,SE,0,Årsta,USD,23.63
2023-12-21 10:26:30+00:00,General,Olha Boiko,ollhaboiko@gmail.com,PL,0,Krakow,USD,24.84
2023-12-21 10:31:58+00:00,General,Green Ermine LLC,info@greenermine.com,US,NY,Brooklyn,USD,50.47
2023-12-21 11:58:33+00:00,General,Mykhailo Geniuk,michel.geniuk@gmail.com,FR,0,Le Havre,USD,196.93
2023-12-21 12:00:48+00:00,Mobile Shower Laundry Units,Paul Blanchard,paul.blanchard@appal.info,,0,0,USD,96.02
2023-12-21 12:01:32+00:00,Mobile Shower Laundry Units,Udo Baage,ereignishorizont@gmx.de,,0,0,USD,47.76
2023-12-21 12:08:01+00:00,Mobile Shower Laundry Units,Diana Trejo,dianatrejo929@gmail.com,,0,0,USD,19.11
2023-12-21 12:27:57+00:00,Mobile Shower Laundry Units,Bogdan Koval,wirexman@gmail.com,,0,0,USD,9.16
2023-12-21 13:10:09+00:00,1000 Drones for Ukraine,Igor Bogdanov,biand@ukr.net,DE,0,Dresden,USD,23.64
2023-12-21 13:55:08+00:00,General,Tetyana Hubska,tanyatanu1@gmail.com,US,OH,Columbus,USD,195.53
2023-12-21 14:46:13+00:00,Mobile Shower Laundry Units,Patrick Budge,colonel1066@gmail.com,,0,0,USD,49.23
2023-12-21 14:55:09+00:00,Victory Drones,daniel levy,levybagnols@gmail.com,FR,0,Ucel,USD,49.23
2023-12-21 18:47:54+00:00,General,Richard Woodruff,richard_woodruff@hotmail.com,US,CO,Denver,USD,50.0
2023-12-21 19:28:45+00:00,Mobile Shower Laundry Units,Michael Robbins,mikejimpat@yahoo.com,,0,0,USD,97.52
2023-12-21 21:34:07+00:00,Mobile Shower Laundry Units,BLAIR CRAWFORD,blaircie@yahoo.ie,,0,0,USD,23.64
2023-12-21 21:45:36+00:00,,0,0,,0,0,EURUSD,447.19
2023-12-21 22:22:58+00:00,1000 Drones for Ukraine,Yelena Polyakova,polyakova_dc@yahoo.com,US,NY,White Plains,USD,25.0
2023-12-21 22:31:25+00:00,1000 Drones for Ukraine,vasyl shuba,VaShuba2014@outlook.com,US,NY,Bronx,USD,100.0
2023-12-22 10:01:17+00:00,General,Daryna Kviatkivska,darya.patalakh@gmail.com,CY,0,Limassol,USD,19.87
2023-12-22 10:49:41+00:00,1000 Drones for Ukraine,Roman Kmyta,kmyta.rom@gmail.com,UA,0,Velyki Mosty,USD,157.55
2023-12-22 12:37:20+00:00,Mobile Shower Laundry Units,Christian O'Brien,xlphotoart@gmail.com,,0,0,USD,23.64
2023-12-22 14:06:33+00:00,General,Oksana Boichuk,oksana.boichuk@gmail.com,CH,0,Kloten,USD,393.87
2023-12-22 21:43:30+00:00,General,Brendan Hoye,brendan_hoye@hotmail.com,IE,0,Mullingar,USD,98.46
2023-12-22 21:50:55+00:00,,Tetiana Manziuk,tamanzyuk@gmail.com,DE,0,Berlin,USD,19.77
2023-12-23 00:08:16+00:00,General,Alexander Yaremenko,xela42004-pp@yahoo.com,US,CO,Lakewood,USD,97.52
2023-12-23 03:33:43+00:00,General,Oksana Boyko,oksana.o.boyko@gmail.com,US,NJ,Bloomfield,USD,200.0
2023-12-23 09:29:37+00:00,Mobile Shower Laundry Units,Niclas Håkansson,hakansson.niclas68@gmail.com,,0,0,USD,19.69
2023-12-23 10:38:09+00:00,General,SIXTY1DESIGN,panslavco@gmail.com,CA,BC,N.Vancouver,USD,298.14
2023-12-23 11:32:46+00:00,Victory Drones,Diane Anderson,diatbroughton@hotmail.com,GB,0,Edinburgh,USD,2.97
2023-12-23 13:34:56+00:00,Mobile Shower Laundry Units,Clare Truscott,clare.truscott@gmail.com,,0,0,USD,192.53
2023-12-23 13:57:28+00:00,General,Yuriy Burachok,burialviv@comcast.net,US,PA,Bensalem,USD,97.52
2023-12-23 14:28:16+00:00,General,Kostiantyn Zagrebin,zkonsti@hotmail.com,US,NY,Seaford,USD,50.0
2023-12-23 16:20:21+00:00,1000 Drones for Ukraine,alona kondratiuk,kondratyukalona@gmail.com,US,NY,Brooklyn,USD,97.52
2023-12-23 19:19:53+00:00,General,OREST SKOROPAD,ttsseerroo@ukr.net,US,NY,Queens,USD,97.52
2023-12-23 19:55:41+00:00,General,Ganna Ievtushenko,ann.yevtushenko@gmail.com,NL,0,Zwaag,USD,99.88
2023-12-23 21:21:26+00:00,1000 Drones for Ukraine,Tatiana Vorozhko,TetianaV@gmail.com,US,VA,Falls Church,USD,200.0
2023-12-24 03:59:38+00:00,General,Viktoriya Cherpak,pb806bp@yahoo.com,US,WA,Renton,USD,10.0
2023-12-24 04:33:39+00:00,General,David Brown,dbrown12345@gmail.com,GB,0,Chester,USD,29.53
2023-12-24 05:52:26+00:00,General,Zoe Ripecky,zoripecky@gmail.com,US,NY,New York,USD,75.0
2023-12-24 10:04:53+00:00,Flight to Recovery,Plan-H-Analytics,jeffbogey@netscape.net,US,FL,Gulf Breeze,USD,50.0
2023-12-24 11:21:11+00:00,General,Igor Bogdanov,biand@ukr.net,DE,0,Dresden,USD,33.29
2023-12-24 12:18:48+00:00,General,Olha Lavoryk,olhalavoryk@gmail.com,DE,0,Karlsruhe,USD,19.69
2023-12-24 12:31:59+00:00,General,TIMOTHY LYMAN,LYMAN06057@YAHOO.COM,US,CT,New Hartford,USD,195.53
2023-12-24 21:20:29+00:00,Mobile Shower Laundry Units,Darl Bennett,benndarl@gmail.com,,0,0,USD,48.51
2023-12-24 23:03:16+00:00,1000 Drones for Ukraine,Mark Yurkiw,mark.think3d@gmail.com,US,CT,Westport,USD,100.0
2023-12-25 04:27:53+00:00,1000 Drones for Ukraine,Andriy KostivAndriy Kostiv,andriy.kostiv@gmail.comandriy.kostiv@gmail.com,USUS,PAPA,PhiladelphiaPhiladelphia,USDUSD,1000.0
2023-12-25 07:09:19+00:00,General,Iurii Motornyi,iurii.moto@gmail.com,CA,QC,Montreal,USD,18.81
2023-12-25 10:20:03+00:00,Victory Drones,Andriy Paliy,andriy.paliy42@gmail.com,ES,0,Vigo,USD,9.84
2023-12-25 10:49:07+00:00,General,Elias Valeri,elias.valeri87@gmail.com,IT,0,Pordenone,USD,18.71
2023-12-25 18:59:06+00:00,1000 Drones for Ukraine,DMYTRO PROKUDINDMYTRO PROKUDIN,dimitrproxor@gmail.comdimitrproxor@gmail.com,UAUA,0,ГостомельГостомель,USDUSD,9.82
2023-12-25 21:15:14+00:00,General,Marta Gouk,martagouk@gmail.com,US,IL,Roselle,USD,150.0
2023-12-25 22:46:30+00:00,General,Olena Lonska,helenalonskaya@gmail.com,DE,0,München,USD,24.610000000000003
2023-12-25 22:50:19+00:00,General,Roman Hresko,hreskoroman@gmail.com,US,NY,Brooklyn,USD,100.0
2023-12-26 03:25:57+00:00,1000 Drones for Ukraine,Nadiya Stasiv,nadiyastasiv@yahoo.com,US,AR,Gentry,USD,50.0
2023-12-26 04:24:45+00:00,1000 Drones for Ukraine,Halyna Shtoyko,hshtoyko5@gmail.com,CA,MB,Winnipeg,USD,28.46
2023-12-26 07:24:52+00:00,1000 Drones for Ukraine,Yevgeniya Afanasenko,eugeniuccia@gmail.com,GB,0,London,USD,96.02
2023-12-26 10:22:48+00:00,General,Nataliia Maievska,maievska.senyuta@gmail.com,US,HI,Honokaa,USD,28.91
2023-12-26 14:27:07+00:00,Mobile Shower Laundry Units,Patrick DeCarlo,patrickd@blbglaw.com,,0,0,USD,97.52
2023-12-26 18:18:54+00:00,Mobile Shower Laundry Units,Brayton Wiltfong,bwiltfong1@gmail.com,,0,0,USD,391.55
2023-12-26 23:59:56+00:00,1000 Drones for Ukraine,Andrey Gordiyenko,AndreyG@Gmail.com,US,NY,Rockaway Park,USD,100.0
2023-12-27 02:48:28+00:00,1000 Drones for Ukraine,Ihor Shkilnyy,Ihoriok06@yahoo.com,US,PA,Philadelphia,USD,200.0
2023-12-27 10:02:41+00:00,Victory Drones,Olga Westfall,olgawestfall77@gmail.com,,0,0,USD,100.93
2023-12-27 19:27:05+00:00,1000 Drones for Ukraine,Gaëlle Nauche,g.nauche@laposte.net,FR,0,Soussey,USD,73.83999999999999
2023-12-27 19:30:03+00:00,Mobile Shower Laundry Units,Gaëlle Nauche,g.nauche@laposte.net,,0,0,USD,47.76
2023-12-27 21:31:17+00:00,General,Olha Lavoryk,olhalavoryk@gmail.com,DE,0,Karlsruhe,USD,9.84
2023-12-28 07:49:28+00:00,,Tamara Goy,tamara_goy@yahoo.it,DE,0,Garmisch-Partenkirchen,USD,101.68
2023-12-28 10:06:02+00:00,General,Yevgen Garbarenko,y.garbarenko@gmail.com,DE,0,Mannheim,USD,4.960000000000001
2023-12-28 10:12:15+00:00,Victory Drones,vira Shcherbyuk,virok21@gmail.com,US,IL,Elmwood Park,USD,28.91
2023-12-28 10:53:11+00:00,General,Ruslan Monchuk,monchuk@gmail.com,DE,0,Hilden,USD,24.84
2023-12-28 11:01:42+00:00,General,Eva Horbenko,eva.horbenko@gmail.com,UA,0,Berlin,USD,9.93
2023-12-28 11:11:34+00:00,General,ANDREI ABRAMOV,53seasons@gmail.com,US,MD,Owings Mills,USD,50.47
2023-12-28 11:11:54+00:00,General,Halyna Eckart,halyna.eckart@gmx.de,DE,0,Freiburg Im Breisgau,USD,149.07
2023-12-28 16:52:08+00:00,General,William Steinberg,wstein6905@aol.com,US,MD,Rockville,USD,250.0
2023-12-28 19:33:58+00:00,1000 Drones for Ukraine,Viktor Ochkovsky,fellsky@gmail.com,US,NJ,Edgewater,USD,600.0
2023-12-28 20:51:09+00:00,General,Vladyslava Kovbasa,vlada@oldstlabs.com,LU,0,Bollendorf-Pont,USD,9.84
2023-12-28 22:32:46+00:00,1000 Drones for Ukraine,Peter D Lenchur,plenchur@gmail.com,US,NJ,North Caldwell,USD,50.0
2023-12-29 01:21:35+00:00,General,Ihor Marushchak,ihor.marushchak@gmail.com,US,NY,New York,USD,979.61
2023-12-29 07:35:28+00:00,,0,0,,0,0,USD,1000.0
2023-12-29 09:22:28+00:00,1000 Drones for Ukraine,Louise Cannon,louisecannon52@gmail.com,GB,0,Leeds,USD,196.93
2023-12-29 10:32:46+00:00,General,Mikhail Pereiaslavski,mpereiaslavski@gmail.com,AU,0,Homebush West,USD,99.38
2023-12-29 12:03:03+00:00,General,Viktoria Wochmin,gamula.v@googlemail.com,DE,0,Wetzlar,USD,19.69
2023-12-29 12:06:29+00:00,General,Maryna Frytsiuk,kirevamarina@gmail.com,CH,0,Basel,USD,16.88
2023-12-29 15:07:02+00:00,Victory Drones,charles christensen,chas1969@hotmail.com,US,MI,Port Austin,USD,315.0
2023-12-29 15:09:25+00:00,,charles christensen,chas1969@hotmail.com,US,MI,Port Austin,USD,48.51
2023-12-29 15:56:32+00:00,General,Galina Alexeenko,galina_alexeenko@yahoo.com,US,GA,Atlanta,USD,50.0
2023-12-29 16:13:19+00:00,General,Orest Walchuk,owalchuk@comcast.net,US,NJ,Pittstown,USD,146.52
2023-12-29 17:10:32+00:00,General,Hanh Doan,dtdhanh@yahoo.com,FI,0,Espoo,USD,24.610000000000003
2023-12-29 17:16:30+00:00,General,Olena Shevchenko,axsl.shevchenko@gmail.com,US,NJ,Metuchen ,USD,50.0
2023-12-29 17:34:57+00:00,Flight to Recovery,daria goncharenko,goncharenkod@aol.com,FR,0,Paris,USD,9.84
2023-12-29 21:19:43+00:00,1000 Drones for Ukraine,W Jefferson Holt,jeffersonholt@me.com,US,NC,Carrboro,USD,100.0
2023-12-29 21:35:18+00:00,General,Gerald Roth,rothgerald@googlemail.com,DE,0,Berlin,USD,147.70000000000002
2023-12-29 23:28:13+00:00,Mobile Shower Laundry Units,Bohdan Kudryk,bkudryk@optonline.net,,0,0,USD,48.51
2023-12-29 23:32:55+00:00,1000 Drones for Ukraine,Bohdan Kudryk,bkudryk@optonline.net,US,NJ,Hillsdale,USD,48.51
2023-12-30 00:09:15+00:00,1000 Drones for Ukraine,Lydia Baltarowich,lbaltarowich@gmail.com,US,MI,Warren,USD,500.0
2023-12-30 00:12:57+00:00,General,Lydia Baltarowich,lbaltarowich@gmail.com,US,MI,Warren,USD,250.0
2023-12-30 00:58:41+00:00,1000 Drones for Ukraine,Natalia Brandafi,nbrandafi@gmail.com,US,NJ,Matawan,USD,195.53
2023-12-30 01:42:48+00:00,1000 Drones for Ukraine,Dmitry Lapenkov,lapenkov@mail.com,US,NJ,Fort Lee,USD,15.0
2023-12-30 01:56:53+00:00,Victory Drones,Motrya Kokoris,moki.kokoris@gmail.com,US,CT,Ridgefield,USD,97.52
2023-12-30 02:24:21+00:00,General,Vitalii Knysh,v.knysh85@gmail.com,US,PA,Holland,USD,150.0
2023-12-30 03:24:39+00:00,General,Oksana Pylypiv,oksana.pylypiv2018@gmail.com,US,CA,Fremont,USD,140.0
2023-12-30 04:56:15+00:00,Mobile Shower Laundry Units,Joe Dilzer,joe.dilxer@iCloud.com,,0,0,USD,48.51
2023-12-30 08:44:35+00:00,Mobile Shower Laundry Units,Andrew Tucker,tuckerinlondon@gmail.com,,0,0,USD,47.76
2023-12-30 09:53:34+00:00,1000 Drones for Ukraine,Marco Pires,marcoolimpires@gmail.com,PT,0,Funchal,USD,9.84
2023-12-30 10:51:35+00:00,General,Юрий Кравчук,flex301@gmail.com,UA,0,Днепропетровск,USD,5.3
2023-12-30 11:14:06+00:00,1000 Drones for Ukraine,Nikolai Fjodorov,eenik@hotmail.co.uk,GB,0,Grimsby,USD,49.23
2023-12-30 12:29:29+00:00,1000 Drones for Ukraine,Igor Bogdanov,biand@ukr.net,DE,0,Dresden,USD,33.29
2023-12-30 12:49:23+00:00,General,Jennifer Mathers,zzk@aber.ac.uk,GB,0,Aberystwyth,USD,246.17
2023-12-30 13:34:51+00:00,Mobile Shower Laundry Units,Thammy Evans,vandt_usubs@mac.com,,0,0,USD,96.02
2023-12-30 14:25:32+00:00,General,Yoshiko Herrera Kydd,YHKydd@gmail.com,US,WI,Middleton,USD,97.52
2023-12-30 15:08:35+00:00,Victory Drones,Andriy Paliy,andriy.paliy42@gmail.com,ES,0,Vigo,USD,9.84
2023-12-30 16:43:07+00:00,General,Gerald 'Dutch' Forstater,Jerrydutch1@gmail.com,US,PA,Harleysville,USD,250.0
2023-12-30 16:45:56+00:00,Victory Drones,Gabriel Miranda,gjmirandar@gmail.com,US,PR,San Juan,USD,50.0
2023-12-30 16:57:14+00:00,General,Mariia Gubareva,thornym@gmail.com,US,NJ,Hoboken,USD,500.0
2023-12-30 18:08:20+00:00,Mobile Shower Laundry Units,Michael Durnen,bond_license_to_ill@yahoo.com,,0,0,USD,24.01
2023-12-30 19:32:13+00:00,General,Odarka Begej,odarkab@gmail.com,US,PA,Maple Glen,USD,749.99
2023-12-30 19:43:25+00:00,General,Alba Bodelon,bichete34@gmail.com,ES,0,Benetúser,USD,11.81
2023-12-30 19:56:36+00:00,General,jared townsel,jaredtownsel@gmail.com,US,CA,Martinez,USD,200.0
2023-12-30 20:47:48+00:00,1000 Drones for Ukraine,Lynette Quinn,Lynette.quinn@icloud.com,GB,0,Redhill,USD,49.23
2023-12-30 23:49:20+00:00,Mobile Shower Laundry Units,Ian Collier,collierian@yahoo.co.uk,,0,0,USD,23.64
2023-12-31 07:19:37+00:00,General,francesco d'amuri,tommy79005@yahoo.it,,0,0,USD,24.610000000000003
2023-12-31 10:08:21+00:00,General,Oksana Tovstolytkina,charivna.ksyusha@gmail.com,FR,0,Paris,USD,28.46
2023-12-31 11:05:47+00:00,General,Olha Lavoryk,olhalavoryk@gmail.com,DE,0,Karlsruhe,USD,24.610000000000003
2023-12-31 11:08:01+00:00,General,Yana Prystupa,yanaprystupa@gmail.com,US,CA,El Cerrito,USD,195.53
2023-12-31 12:43:14+00:00,General,Igor Tumasov,airtuma@gmail.com,US,NY,New York,USD,15.0
2023-12-31 15:41:03+00:00,1000 Drones for Ukraine,Brendan Hoye,brendan_hoye@hotmail.com,IE,0,Mullingar,USD,108.31
2023-12-31 17:07:12+00:00,1000 Drones for Ukraine,Michal Malarowski,malarowski@gmail.com,US,NJ,Plainfield,USD,1000.0
2023-12-31 17:35:56+00:00,General,olga figman,olgafg@hotmail.com,US,IL,Wilmette,USD,293.54
2023-12-31 18:22:10+00:00,General,Maryna Molokopoi,merrymerrymaryna@gmail.com,US,WA,Seattle,USD,40.0
2023-12-31 19:40:53+00:00,General,Michael Levin,mblevin88@gmail.com,US,NJ,Short Hills,USD,1800.0
2023-12-31 19:58:48+00:00,General,George Leone,gsleone@comcast.net,US,NJ,Haddonfield,USD,750.0
2023-12-31 21:59:21+00:00,General,Sergiy Pavlenko,sergiy.pavlenko1@gmail.com,US,NJ,Fair Lawn,USD,97.52
2023-12-31 22:30:49+00:00,General,Oksana BANAKH,pvd12005@hotmail.com,CH,0,Dombresson,USD,98.46
2023-12-31 23:12:41+00:00,General,Alexander Gudko,alexjustice@gmail.com,US,NY,Forest Hills,USD,500.0
2024-01-01 01:04:31+00:00,General,Oleksa Martiniouk,amartiniouk@gmail.com,US,NY,Queens,USD,489.56
2024-01-01 01:33:12+00:00,General,Ronald Siroky,rjsiroky@aol.com,US,CA,San Diego,USD,100.0
2024-01-01 12:27:36+00:00,1000 Drones for Ukraine,Tetiana Ruzhylo,ruzhylotanya@gmail.com,DE,0,Mainz,USD,24.84
2024-01-01 16:51:11+00:00,General,John Hardin,jhardin01@gmail.com,US,NC,Durham,USD,1000.0
2024-01-01 17:40:31+00:00,,Oleksandr Koval,askalias68@gmail.com,IT,0,Bolzano,USD,9.65
2024-01-02 06:31:14+00:00,General,Tetiana Bulakh,tetiana.bulakh@gmail.com,US,DC,Washington,USD,100.0
2024-01-02 10:18:58+00:00,General,Artem Timchenko,bedankt7@gmail.com,BE,0,Sint-Amandsberg,USD,98.46
2024-01-02 10:51:48+00:00,1000 Drones for Ukraine,Serghei Troscenco,trolyara42@gmail.com,MD,0,Chisinau,USD,10.93
2024-01-02 10:56:58+00:00,General,Tom Preisser,tom@ecoflight.com,US,ME,Wells,USD,50.0
2024-01-02 11:28:26+00:00,General,Yevgen Garbarenko,y.garbarenko@gmail.com,DE,0,Mannheim,USD,9.84
2024-01-02 11:39:51+00:00,1000 Drones for Ukraine,Jakob Becker,jakob.becker@powersurf.li,CH,0,Schaan,USD,246.17
2024-01-02 11:47:45+00:00,General,Serghei Troscenco,trolyara42@gmail.com,MD,0,Chisinau,USD,11.92
2024-01-02 15:48:48+00:00,General,Ganna Ievtushenko,ann.yevtushenko@gmail.com,NL,0,Zwaag,USD,26.53
2024-01-02 16:40:29+00:00,General,Natalia Bystrytska,natali.bystrytska@gmail.com,DE,0,Dortmund,USD,98.46
2024-01-02 17:55:37+00:00,General,Vasylyna Berezna,vasylyna.berezna@web.de,DE,0,Mülheim An Der Ruhr ,USD,98.46
2024-01-02 19:29:51+00:00,General,david jackson,jacko47@me.com,US,CA,Manhattan Beach,USD,100.0
2024-01-02 19:43:03+00:00,General,Olha Lavoryk,olhalavoryk@gmail.com,DE,0,Karlsruhe,USD,19.69
2024-01-03 09:05:01+00:00,,Olesya Khromeychuk,olesya.khromeychuk@gmail.com,GB,0,London,USD,1167.56
2024-01-03 10:38:20+00:00,General,Olha Boiko,ollhaboiko@gmail.com,PL,0,Krakow,USD,29.81
2024-01-03 18:00:50+00:00,General,Paul Sommer,paulsommer@icloud.com,US,IN,Valparaiso,USD,48.51
2024-01-04 00:19:47+00:00,1000 Drones for Ukraine,Alina Malenda,malenda2000@gmail.com,AU,0,Dingley Village,USD,67.07
2024-01-04 00:23:56+00:00,General,Anatoliy Chernat,achernat@hotmail.com,US,NY,Bronx,USD,19.11
2024-01-04 01:41:24+00:00,General,"David Perzel, II",b1030m5@yahoo.com,US,OH,Berea,USD,10.29
2024-01-04 02:42:47+00:00,1000 Drones for Ukraine,Dan Diaczun,ddiaczun@hotmail.com,US,IL,Chicago,USD,97.52
2024-01-04 06:17:45+00:00,General,Oleksandra Datsyk,sh.oleksandra@gmail.com,US,FL,Bonita Springs,USD,100.0
2024-01-04 10:00:48+00:00,Flight to Recovery,Mikhail Pereiaslavski,mpereiaslavski@gmail.com,AU,0,Homebush West,USD,99.38
2024-01-04 10:08:01+00:00,Victory Drones,Mikhail Pereiaslavski,mpereiaslavski@gmail.com,AU,0,Homebush West,USD,99.38
2024-01-04 11:38:40+00:00,Flight to Recovery,ANDREI ABRAMOV,53seasons@gmail.com,US,MD,Owings Mills,USD,50.47
2024-01-04 13:48:15+00:00,1000 Drones for Ukraine,markus becker,mbe113@gmail.com,LI,0,Schaan,USD,492.34
2024-01-04 14:03:27+00:00,1000 Drones for Ukraine,Daria Beknazariants,daria.beknazariants@gmail.com,CH,0,Zürich,USD,196.93
2024-01-04 15:04:37+00:00,General,Ganna Ievtushenko,ann.yevtushenko@gmail.com,NL,0,Zwaag,USD,26.53
2024-01-04 16:34:44+00:00,General,Alexandrina Garcia-Verdin,alexandrinagv@gmail.com,US,CA,Mokelumne Hill,USD,50.0
2024-01-04 20:09:28+00:00,General,Angelina Boer,angels.boer@gmail.com,NL,0,Amsterdam,USD,49.23
2024-01-05 14:50:30+00:00,,Bohdana Kruk-Weidner,bohdana.krukweidner@gmail.com,,0,0,EUR,100.0
2024-01-06 05:45:02+00:00,1000 Drones for Ukraine,Andriy Paliy,andriy.paliy42@gmail.com,ES,0,Vigo,USD,9.84
2024-01-06 10:56:43+00:00,1000 Drones for Ukraine,Iurii Motornyi,iurii.moto@gmail.com,CA,QC,Montréal,USD,14.760000000000002
2024-01-06 11:06:27+00:00,General,Margaryta Baumann-Gaydarzhy,m.gaydarzhy@gmail.com,DE,0,Jossgrund,USD,4.34
2024-01-06 12:17:30+00:00,Victory Drones,Samuel Buschhorn,stbcommercial@gmail.com,DE,0,Kiel,USD,29.53
2024-01-06 17:13:14+00:00,General,Igor Rubets,igor.rubets@gmail.com,CA,QC,N.D.I.P,USD,984.68
2024-01-06 20:53:54+00:00,General,Nadiya Stasiv,nadiyastasiv@yahoo.com,US,AR,Gentry,USD,30.0
2024-01-06 21:01:32+00:00,1000 Drones for Ukraine,Oksana Zelenchuk,zelenchukok1@gmail.com,US,NY,Rego Park,USD,100.0
2024-01-07 00:13:53+00:00,Victory Drones,Yaroslav Brooke,ybrooke@gmail.com,GB,0,Leeds,USD,9.16
2024-01-07 03:08:06+00:00,1000 Drones for Ukraine,Adrian Mishtal,mishtalfamily@cox.net,US,CT,Suffield,USD,97.52
2024-01-07 04:14:11+00:00,1000 Drones for Ukraine,Olga Liskovych,olgaliskovych@gmail.com,CA,ON,Mississauga,USD,196.93
2024-01-07 10:33:21+00:00,General,Dmitry Chernysh,dmitry.chernysh@icloud.com,AU,0,Brunswick East,USD,19.69
2024-01-07 11:05:13+00:00,General,Julia Shchukina,shchukina.julia@gmail.com,DE,0,Bad Soden ,USD,69.0
2024-01-07 11:22:43+00:00,General,Anna Filonenko,anna.filonenko@yahoo.com,US,IL,Vernon Hills,USD,25.24
2024-01-07 21:19:53+00:00,General,Oksana Sereda,oksimiercoles@gmail.com,ES,0,Adeje,USD,49.23
2024-01-08 17:17:59+00:00,1000 Drones for Ukraine,Halyna Shtoyko,hshtoyko5@gmail.com,CA,MB,Winnipeg,USD,47.76
2024-01-08 20:48:16+00:00,General,Bogdan Lahout,Bogdankudelski@gmail.com,CA,NL,St. John'S,USD,4.91
2024-01-08 20:59:55+00:00,1000 Drones for Ukraine,Vladimir Sevastyanov,vgs.12345@gmail.com,US,TX,Fort Worth,USD,100.0
2024-01-09 10:54:10+00:00,General,Nataliia Hornich,nataliia.gornich@gmail.com,US,FL,Indialantic,USD,100.0
2024-01-09 17:03:52+00:00,,Mykhailo Geniuk,michel.geniuk@gmail.com,FR,0,Le Havre,USD,201.87
2024-01-09 18:59:15+00:00,1000 Drones for Ukraine,Olena Ullmann,elene.d@gmail.com,AT,0,Ernstbrunn,USD,19.69
2024-01-10 04:49:49+00:00,General,Lydia Pearson,lidia.lypova@gmail.com,US,PA,Wayne,USD,97.52
2024-01-10 10:22:01+00:00,General,FetchRSS,contact@fetchrss.com,EE,0,Mykolaiv,USD,98.46
2024-01-10 11:19:29+00:00,General,Sofiia Nakonechna,nakonechnasonya@gmail.com,DE,0,Marburg,USD,29.81
2024-01-10 18:16:45+00:00,1000 Drones for Ukraine,Nikolay Mikhalchuk,nikomikhal@gmail.com,US,NY,Brooklyn,USD,97.52
2024-01-10 21:14:29+00:00,General,Uilleam Blacker,uilleam.blacker@gmail.com,GB,0,London,USD,98.46
2024-01-10 23:51:03+00:00,Mobile Shower Laundry Units,Олексій Бондаренко,zhorasandal007@gmail.com,,0,0,USD,9.16
2024-01-11 04:37:40+00:00,Victory Drones,Andriy Paliy,andriy.paliy42@gmail.com,ES,0,Vigo,USD,19.69
2024-01-11 10:20:07+00:00,General,maryna karabynosh,marinatravel007@yahoo.com,US,NY,Brooklyn,USD,100.93
2024-01-11 10:21:30+00:00,General,Denis Bulgak,bulgakden@gmail.com,FI,0,Pälkäne,USD,47.76
2024-01-11 10:56:45+00:00,General,ShippingLine.org,svd2000@gmail.com,MX,0,Guadalajara,USD,4.960000000000001
2024-01-11 11:19:01+00:00,General,Kateryna Podkalenko,kateryna.podkalenko@gmail.com,BE,0,Antwerp ,USD,96.02
2024-01-11 11:23:21+00:00,General,Nataliia Olesiv,danfordcarmen@gmail.com,IT,0,Durham ,USD,18.81
2024-01-11 11:29:11+00:00,General,Viktoriia Sholkova,wendish.de@gmail.com,DE,0,Berlin,USD,23.64
2024-01-11 23:20:31+00:00,General,Dmitry Lapenkov,lapenkov@mail.com,US,NJ,Fort Lee,USD,15.0
2024-01-12 10:07:26+00:00,General,Lyudmyla Korchevska,ludmilakorchevska@gmail.com,US,VA,Arlington,USD,50.47
2024-01-12 21:06:25+00:00,General,Nataly Barysh,natalybarysh@yahoo.com,CA,ON,Mississauga,USD,192.53
2024-01-13 03:01:36+00:00,1000 Drones for Ukraine,Ulana Leskiw,ualm141@gmail.com,US,IL,Lisle,USD,1000.0
2024-01-13 10:39:56+00:00,General,Ed Shacklee,eshacklee@earthlink.net,US,DC,Washington,USD,25.24
2024-01-13 10:47:43+00:00,General,Kseniia Dmytriieva,kv.dmitrieva@gmail.com,US,MA,Ashland ,USD,50.47
2024-01-13 10:49:24+00:00,General,polina istomina,polina.istomina@gmail.com,GB,0,London,USD,47.76
2024-01-13 23:49:37+00:00,,polina istomina,polina.istomina@gmail.com,,0,0,GBP,100.0
2024-01-14 10:06:37+00:00,Victory Drones,Kostiantyn Stankevych,kostya.stankevych@me.com,US,WA,Everett,USD,350.0
2024-01-14 14:22:54+00:00,1000 Drones for Ukraine,Olena Pazderska,opazderska@gmail.com,US,NJ,Plainfield,USD,100.0
2024-01-14 14:54:45+00:00,Victory Drones,Christoph Dabruck,cdabruck@gmail.com,DE,0,Schweinfurt,USD,28.46
2024-01-14 16:55:57+00:00,General,Nadiya Stasiv,nadiyastasiv@yahoo.com,US,AR,Gentry,USD,25.0
2024-01-14 21:20:12+00:00,Victory Drones,Ivan Hodunok,godynok@gmail.com,UA,0,Lutsk,USD,19.69
2024-01-15 11:25:49+00:00,Victory Drones,Maria Nystrom Agback,marianystromagback@hotmail.com,SE,0,Uppsala ,USD,4.91
2024-01-15 19:24:59+00:00,Victory Drones,Yurii Pavlovskyi,yurii.pavlovskyi+paypal@gmail.com,DE,0,Magdeburg,USD,49.23
2024-01-15 20:12:36+00:00,General,Iurie Stoliar,yurikfbi75@gmail.com,DE,0,Hamburg,USD,98.46
2024-01-16 10:16:18+00:00,General,Inna Suima,suimafsp@gmail.com,PL,0,Kępno,USD,96.02
2024-01-16 11:15:39+00:00,General,Ihor Mudryy,ihor.mudryy@gmail.com,DE,0,Berlin,USD,99.38
2024-01-16 11:41:53+00:00,General,Sven Ruuvet,sven.rufi@gmail.com,,0,0,USD,20.95
2024-01-17 10:55:16+00:00,General,Sven Ruuvet,sven.rufi@gmail.com,EE,0,Pärnumaa,USD,47.76
2024-01-17 11:23:00+00:00,Victory Drones,Natalia Zharkova,natsku008@gmail.com,GB,0,Edinburgh,USD,2.97
2024-01-17 12:13:00+00:00,General,Borys Yermokhin,b4915225719226@gmail.com,DE,0,Krefeld,USD,4.91
2024-01-18 02:38:53+00:00,General,Tetyana Illyash,tatyana.illyash@gmail.com,US,MA,Woburn,USD,40.0
2024-01-18 08:21:18+00:00,Victory Drones,Michael Hennig,mh-motorsport@t-online.de,,0,0,USD,49.23
2024-01-18 11:21:18+00:00,General,Olga D‘Attoma,olgadattoma@gmail.com,DE,0,Hamburg,USD,47.76
2024-01-18 13:53:23+00:00,General,Maryana Kushnir,maryana_kushnir@yahoo.com,US,NY,New Paltz,USD,979.61
2024-01-18 14:37:39+00:00,General,Angela Goulovitch,agoulovitch@gmail.com,US,NY,Brooklyn,USD,75.0
2024-01-18 16:36:21+00:00,Victory Drones,Oleksandr Gladushko,gladushko2210@gmail.com,US,CA,Orange,USD,28.91
2024-01-18 19:17:06+00:00,Victory Drones,Olexiy Shestakov,olexiys@hotmail.com,US,FL,Palm Harbor,USD,48.51
2024-01-19 06:51:12+00:00,General,Diana Ostrovska,dpatereu@gmail.com,DE,0,Frankfurt (Oder),USD,9.84
2024-01-19 06:51:51+00:00,General,Diana Ostrovska,dpatereu@gmail.com,DE,0,Frankfurt (Oder),USD,9.84
2024-01-19 09:25:13+00:00,General,Paul Gaiduk,esc.alt.tab@gmail.com,DE,0,Berlin,USD,482.06
2024-01-19 10:35:54+00:00,General,Vladyslava Poltavtseva,vlada1926@gmail.com,PL,0,Poznań,USD,19.87
2024-01-19 10:40:30+00:00,1000 Drones for Ukraine,Veronika Yankovska,vyankovska@gmail.com,CY,0,Strovolos,USD,18.81
2024-01-19 10:48:29+00:00,General,Valentyna Rekkonen,rekkavala2023@gmail.com,GB,0,Farnham,USD,9.93
2024-01-19 10:53:01+00:00,General,Tetiana Polyvana,tanya.polyvana@gmail.com,UA,0,Kyiv,USD,47.7
2024-01-19 18:27:07+00:00,1000 Drones for Ukraine,andrey mykich,ammykich@yahoo.com,US,PA,Jenkintown,USD,100.0
2024-01-19 18:54:12+00:00,General,Natalia Bystrytska,natali.bystrytska@gmail.com,DE,0,Dortmund,USD,295.4
2024-01-19 19:52:34+00:00,1000 Drones for Ukraine,Ellen Rado,abuovo2004@gmail.com,US,NJ,Somerville,USD,100.0
2024-01-19 21:20:14+00:00,General,Olha Boiko,ollhaboiko@gmail.com,PL,0,Krakow,USD,98.46
2024-01-20 05:33:39+00:00,Victory Drones,Andriy Paliy,andriy.paliy42@gmail.com,ES,0,Vigo,USD,19.69
2024-01-20 10:00:48+00:00,General,Michael Levin,mblevin88@gmail.com,US,NJ,Short Hills,USD,70.08
2024-01-20 11:26:10+00:00,General,Platon Danylov,platondanilov@gmail.com,UA,0,Kovalyn,USD,9.16
2024-01-20 17:59:56+00:00,,Anatoliy Garan,garana@ukr.net,US,UT,Pleasant Grove,USD,195.53
2024-01-20 20:19:17+00:00,Victory Drones,Mark Mitchel,markmitchel@aol.com,US,WA,Spokane,USD,25.0
2024-01-21 10:21:17+00:00,General,Green Ermine LLC,info@greenermine.com,US,NY,Brooklyn,USD,50.47
2024-01-21 11:15:13+00:00,General,Olha Boiko,ollhaboiko@gmail.com,PL,0,Krakow,USD,24.84
2024-01-21 11:30:40+00:00,General,Anders Lundberg,anders.lundberg@hotmail.com,SE,0,Årsta,USD,23.63
2024-01-22 10:15:17+00:00,General,Daryna Kviatkivska,darya.patalakh@gmail.com,CY,0,Limassol,USD,19.87
2024-01-22 21:57:14+00:00,Victory Drones,Anders Sandström,sandsorb@gmail.com,SE,0,Södra Sandby,USD,196.93
2024-01-23 10:39:33+00:00,General,SIXTY1DESIGN,panslavco@gmail.com,CA,BC,N.Vancouver,USD,298.14
2024-01-23 11:01:38+00:00,Victory Drones,Diane Anderson,diatbroughton@hotmail.com,GB,0,Edinburgh,USD,2.97
2024-01-23 14:53:48+00:00,,Tetiana Shakhovtseva,tetianashakhovtseva@gmail.com,DK,0,Mariager,USD,18.81
2024-01-23 20:20:08+00:00,Victory Drones,Lilia Motiets,lilyock@gmail.com,NO,0,Trondheim,USD,19.69
2024-01-23 22:13:19+00:00,Mobile Shower Laundry Units,Roland Pesch,rhp@kar-rhp.org,,0,0,USD,244.53
2024-01-24 03:25:15+00:00,General,Oksana Pylypiv,oksana.pylypiv2018@gmail.com,US,CA,Sacramento ,USD,150.0
2024-01-24 07:20:40+00:00,Mobile Shower Laundry Units,Paul McNamara,mpaulmcnamara@yahoo.com,,0,0,USD,96.02
2024-01-24 10:19:05+00:00,Flight to Recovery,Plan-H-Analytics,jeffbogey@netscape.net,US,FL,Gulf Breeze,USD,50.0
2024-01-25 03:31:25+00:00,General,Diana Rusin,onopriienkod@gmail.com,US,0,Miami,USD,20.0
2024-01-25 06:19:47+00:00,1000 Drones for Ukraine,daniel levy,levybagnols@gmail.com,FR,0,Ucel,USD,98.46
2024-01-25 10:57:18+00:00,General,Elias Valeri,elias.valeri87@gmail.com,IT,0,Pordenone,USD,18.71
2024-01-25 17:44:24+00:00,Mobile Shower Laundry Units,Vinay Srihari,vinay.srihari@gmail.com,,0,0,USD,97.52
2024-01-25 20:40:57+00:00,Mobile Shower Laundry Units,Andreas Krautkremer,bandoo@web.de,,0,0,USD,47.76
2024-01-26 04:03:06+00:00,Victory Drones,Alexander Yaremenko,xela42004-pp@yahoo.com,US,CO,Lakewood,USD,100.0
2024-01-26 08:59:44+00:00,General,Volodymyr Selepyna,sepa.indieman@gmail.com,PL,0,Krakow,USD,34.46
2024-01-26 10:46:08+00:00,General,Nataliia Maievska,maievska.senyuta@gmail.com,US,HI,Honokaa,USD,28.91
2024-01-26 14:41:41+00:00,General,Igor Tumasov,airtuma@gmail.com,US,NY,New York,USD,20.0
2024-01-26 14:59:27+00:00,General,Andriy Paliy,andriy.paliy42@gmail.com,ES,0,Vigo,USD,9.84
2024-01-26 15:53:38+00:00,General,olga figman,olgafg@hotmail.com,US,IL,Wilmette,USD,300.0
2024-01-26 16:49:28+00:00,Victory Drones,Roman Poltoratskyy,r.poltoratski@t-online.de,DE,0,Stuttgart,USD,147.70000000000002
2024-01-26 19:37:22+00:00,General,Kateryna Blom,katya696@yahoo.com,NL,0,Weesp,USD,49.23
2024-01-27 11:56:28+00:00,Victory Drones,Olga Westfall,olgawestfall77@gmail.com,,0,0,USD,100.93
2024-01-27 12:57:45+00:00,Victory Drones,Johann Zdolsek,johannzdolsek@yahoo.se,SE,0,Linköping,USD,98.46
2024-01-27 19:30:40+00:00,General,Nataliia Verbynets,n.verbynets@gmail.com,CA,AB,Calgary,USD,98.46
2024-01-27 19:48:41+00:00,General,Anhelina Puhachova,Puhachovaanhelina@outlook.com,UA,0,Zaporozhye,USD,0.48
2024-01-28 10:01:15+00:00,Victory Drones,vira Shcherbyuk,virok21@gmail.com,US,IL,Elmwood Park,USD,28.91
2024-01-28 10:09:38+00:00,General,Yevgen Garbarenko,y.garbarenko@gmail.com,DE,0,Mannheim,USD,4.960000000000001
2024-01-28 10:46:52+00:00,General,Ruslan Monchuk,monchuk@gmail.com,DE,0,Hilden,USD,24.84
2024-01-28 11:17:28+00:00,General,Halyna Eckart,halyna.eckart@gmx.de,DE,0,Freiburg Im Breisgau,USD,149.07
2024-01-28 11:20:51+00:00,General,ANDREI ABRAMOV,53seasons@gmail.com,US,MD,Owings Mills,USD,50.47
2024-01-28 11:34:10+00:00,General,Eva Horbenko,eva.horbenko@gmail.com,UA,0,Berlin,USD,9.93
2024-01-29 03:17:36+00:00,,0,0,,0,0,EURUSD,205.41
2024-01-29 03:17:53+00:00,,0,0,,0,0,USDGBP,223.56
2024-01-29 11:17:35+00:00,General,Mikhail Pereiaslavski,mpereiaslavski@gmail.com,AU,0,Homebush West,USD,99.38
2024-01-29 15:44:31+00:00,1000 Drones for Ukraine,Michal Malarowski,malarowski@gmail.com,US,NJ,Plainfield,USD,200.0
2024-01-30 02:51:00+00:00,,0,0,,0,0,USD,299.0
2024-01-30 06:26:22+00:00,General,Clinton Lieser,lieserc@hotmail.com,US,OR,Prineville,USD,100.0
2024-01-30 11:18:36+00:00,General,Юрий Кравчук,flex301@gmail.com,UA,0,Днепропетровск,USD,5.3
2024-01-30 15:07:52+00:00,1000 Drones for Ukraine,Vasyl Mostovyi,mvasyl1991@gmail.com,US,CA,Reseda,USD,100.0
2024-01-30 19:37:11+00:00,Victory Drones,Lyudmyla Fouilleul,lyudmyla.fouilleul@gmail.com,FR,0,Ruy,USD,49.23
2024-01-31 00:13:02+00:00,General,Tatiana Vorozhko,TetianaV@gmail.com,US,VA,Falls Church,USD,150.0
2024-01-31 08:55:18+00:00,General,Jurij Albert,juri.albert@gmail.com,DE,0,Zürich,USD,23.64
2024-01-31 10:07:05+00:00,General,Yana Prystupa,yanaprystupa@gmail.com,US,CA,El Cerrito,USD,195.53
2024-01-31 15:50:46+00:00,General,Mariano Zacsek,ushark140@gmail.com,CA,BC,Whistler,USD,49.23
2024-01-31 19:37:55+00:00,,Darya Marchuk,dashamarchuk@icloud.com,DK,0,Kolding,USD,18.81
2024-02-01 00:41:07+00:00,1000 Drones for Ukraine,Lodjaboy Music,d.culp@hotmail.com,US,SC,Graniteville,USD,97.52
2024-02-01 01:26:20+00:00,General,Toby Shea,toby_hsieh@yahoo.com,US,NY,Larchmont,USD,20.0
2024-02-01 01:26:51+00:00,Victory Drones,Dmitriy Shkolnik,dmitriyshkolnik@gmail.com,US,MI,Macomb,USD,25.0
2024-02-01 10:53:50+00:00,1000 Drones for Ukraine,Tetiana Ruzhylo,ruzhylotanya@gmail.com,DE,0,Mainz,USD,24.84
2024-02-01 11:20:10+00:00,Victory Drones,Andriy Paliy,andriy.paliy42@gmail.com,ES,0,Vigo,USD,19.69
2024-02-01 16:26:06+00:00,Victory Drones,arianne mijnlieff,ariannemijnlieff@gmail.com,IT,0,Roma,USD,23.64
2024-02-01 19:20:26+00:00,General,Olha Lavoryk,olhalavoryk@gmail.com,DE,0,Karlsruhe,USD,24.610000000000003
2024-02-01 19:31:46+00:00,General,Oleksandra Zapolska,hi_sasha_glasha@yahoo.de,DE,0,Duisburg,USD,19.69
2024-02-02 03:27:48+00:00,Victory Drones,william storms,mickeystorms@yahoo.com,US,OR,Bend,USD,100.0
2024-02-02 03:59:46+00:00,General,Tatyana Peng,klimova.tanya@gmail.com,US,NJ,West Windsor,USD,250.0
2024-02-02 08:13:29+00:00,General,Lena Howansky,lenahowansky@gmail.com,US,CT,Stamford,USD,20.0
2024-02-02 09:01:49+00:00,General,Massimiliano Grandi,massimiliano.grandi@usa.net,GB,0,Doncaster,USD,118.16
2024-02-02 10:25:44+00:00,General,Olha Lavoryk,olhalavoryk@gmail.com,DE,0,Karlsruhe,USD,27.57
2024-02-02 10:51:20+00:00,General,Serghei Troscenco,trolyara42@gmail.com,MD,0,Chisinau,USD,11.92
2024-02-02 10:59:02+00:00,General,Vladyslava Kovbasa,vlada@oldstlabs.com,LU,0,Bollendorf-Pont,USD,9.84
2024-02-02 11:11:44+00:00,General,Tom Preisser,tom@ecoflight.com,US,ME,Wells,USD,50.0
2024-02-02 11:20:59+00:00,General,Artem Timchenko,bedankt7@gmail.com,BE,0,Sint-Amandsberg,USD,98.46
2024-02-02 11:21:35+00:00,1000 Drones for Ukraine,Serghei Troscenco,trolyara42@gmail.com,MD,0,Chisinau,USD,10.93
2024-02-02 11:23:07+00:00,General,Yevgen Garbarenko,y.garbarenko@gmail.com,DE,0,Mannheim,USD,9.84
2024-02-02 18:43:25+00:00,General,Aik Wye Ng,aikwye@gmail.com,US,NY,Ny,USD,100.0
2024-02-02 19:12:37+00:00,1000 Drones for Ukraine,david jackson,jacko47@me.com,US,CA,Manhattan Beach,USD,100.0
2024-02-02 20:47:48+00:00,1000 Drones for Ukraine,Orest Chornij,orest@comcast.net,US,MI,West Bloomfield,USD,10.0
2024-02-02 22:53:40+00:00,1000 Drones for Ukraine,Janet Fotta,jfotta@zoominternet.net,US,PA,Valencia,USD,100.0
2024-02-03 01:56:19+00:00,General,Ihor Babiuk,gregbabiuk@gmail.com,US,NY,Rye Brook,USD,100.0
2024-02-03 05:41:08+00:00,1000 Drones for Ukraine,Anastasia Langley,a_khoperskova@ukr.net,DE,0,Augsburg,USD,49.23
2024-02-03 10:18:02+00:00,General,Helga Zauner,z.et@gmx.de,AT,0,Haag Am Hausruck,USD,4.34
2024-02-03 10:18:40+00:00,General,Olha Boiko,ollhaboiko@gmail.com,PL,0,Krakow,USD,29.81
2024-02-03 10:55:51+00:00,1000 Drones for Ukraine,Frederique Mommers,bubbles2410@hotmail.com,NL,0,Valkenburg A/D Geul,USD,18.81
2024-02-03 12:56:37+00:00,General,Ihor Marushchak,ihor.marushchak@gmail.com,US,NY,New York,USD,979.61
2024-02-03 13:49:47+00:00,Victory Drones,Gabriel Miranda,gjmirandar@gmail.com,US,PR,San Juan,USD,100.0
2024-02-03 14:03:00+00:00,General,Iryna Kit,kitiryna@yahoo.com,US,NY,Brooklyn,USD,100.0
2024-02-03 14:36:10+00:00,General,Lidiia Ionka,lvivstudy@gmail.com,US,NY,New York,USD,1.47
2024-02-03 15:55:48+00:00,Victory Drones,SARUNAS URBONAS,SARUNASU@COX.NET,US,CT,Newington,USD,50.0
2024-02-03 21:11:03+00:00,Mobile Shower Laundry Units,Holly Emerson,holly.emerson876@gmail.com,,0,0,USD,1959.71
2024-02-04 01:46:38+00:00,Victory Drones,Fletcher White,fletcher.white.all.mail@gmail.com,US,IN,Indianapolis,USD,100.0
2024-02-04 09:18:13+00:00,1000 Drones for Ukraine,Alina Malenda,malenda2000@gmail.com,AU,0,Dingley Village,USD,67.07
2024-02-04 10:03:06+00:00,Flight to Recovery,ANDREI ABRAMOV,53seasons@gmail.com,US,MD,Owings Mills,USD,50.47
2024-02-04 10:05:47+00:00,Flight to Recovery,Mikhail Pereiaslavski,mpereiaslavski@gmail.com,AU,0,Homebush West,USD,99.38
2024-02-04 10:27:57+00:00,Victory Drones,Mikhail Pereiaslavski,mpereiaslavski@gmail.com,AU,0,Homebush West,USD,99.38
2024-02-04 14:06:23+00:00,1000 Drones for Ukraine,Mariana Magala,marianamagala@gmail.com,US,DC,Washington,USD,40.0
2024-02-04 16:39:28+00:00,General,Sergej Scharapa,sergi.sharapa@gmail.com,DE,0,Senden,USD,29.53
2024-02-04 19:32:56+00:00,General,Lidiia Ionka,lvivstudy@gmail.com,US,NY,New York,USD,0.49
2024-02-05 10:07:08+00:00,Victory Drones,Evgen Omelianenko,gureur.kiev@gmail.com,UA,0,Kyiv,USD,18.81
2024-02-05 10:09:41+00:00,Mobile Shower Laundry Units,Gunnar Lange,gunnar.lange@gs.com,,0,0,USD,96.02
2024-02-05 10:16:27+00:00,Flight to Recovery,Gunnar Lange,gunnar.lange@gs.com,GB,0,No City Provided,USD,98.46
2024-02-05 10:18:30+00:00,Victory Drones,Gunnar Lange,gunnar.lange@gs.com,GB,0,No City Provided,USD,98.46
2024-02-05 14:00:03+00:00,General,Lidiia Ionka,lvivstudy@gmail.com,US,NY,New York,USD,1.47
2024-02-05 18:43:06+00:00,General,Tom Preisser,tom@ecoflight.com,US,ME,Wells,USD,14.21
2024-02-05 22:36:20+00:00,,Halyna Kryvetska,haliakryvetska@gmail.com,FR,0,Versailles,USD,98.6
2024-02-06 00:13:11+00:00,Flight to Recovery,GREEN AIR CARE LLC,cleaningproserv@gmail.com,US,NY,Staten Island,USD,244.53
2024-02-06 09:17:14+00:00,,Alex Tkachenko,aleksandr.tkachenko@gmail.com,NL,0,Almere,EUR,192.63
2024-02-06 10:49:54+00:00,General,Margaryta Baumann-Gaydarzhy,m.gaydarzhy@gmail.com,DE,0,Jossgrund,USD,4.34
2024-02-06 13:29:25+00:00,,Tetiana Shakhovtseva,tetianashakhovtseva@gmail.com,DK,0,Mariager,USD,18.81
2024-02-07 09:19:32+00:00,General,Paul Gaiduk,esc.alt.tab@gmail.com,DE,0,Berlin,USD,482.06
2024-02-07 10:23:23+00:00,General,Dmitry Chernysh,dmitry.chernysh@icloud.com,AU,0,Brunswick East,USD,19.69
2024-02-07 10:47:14+00:00,General,Anna Filonenko,anna.filonenko@yahoo.com,US,IL,Vernon Hills,USD,25.24
2024-02-07 10:49:44+00:00,General,Julia Shchukina,shchukina.julia@gmail.com,DE,0,Bad Soden ,USD,69.0
2024-02-07 19:25:21+00:00,,Anatoliy Garan,garana@ukr.net,US,UT,Pleasant Grove,USD,195.53
2024-02-08 14:52:39+00:00,General,Vladimir Sevastyanov,vgs.12345@gmail.com,US,TX,Fort Worth,USD,100.0
2024-02-08 21:05:47+00:00,Victory Drones,Maximilian Schenk,maximilian.schenk88@gmail.com,DE,0,Fürth,USD,24.610000000000003
2024-02-09 10:09:18+00:00,General,Nataliia Hornich,nataliia.gornich@gmail.com,US,FL,Indialantic,USD,100.0
2024-02-09 21:23:32+00:00,General,WILLIAM ELLERS,wcellers@ncsu.edu,US,NC,Morehead City,USD,100.0
2024-02-10 05:24:38+00:00,Victory Drones,Andriy Paliy,andriy.paliy42@gmail.com,ES,0,Vigo,USD,19.69
2024-02-10 10:04:12+00:00,General,Khrystyna Chelak,khrystyna.chelak@gmail.com,GB,0,Reading,USD,147.70000000000002
2024-02-10 10:25:19+00:00,General,FetchRSS,contact@fetchrss.com,EE,0,Mykolaiv,USD,98.46
2024-02-10 10:45:05+00:00,General,Sofiia Nakonechna,nakonechnasonya@gmail.com,DE,0,Marburg,USD,29.81
2024-02-10 17:14:16+00:00,1000 Drones for Ukraine,Viktoriya Busko,vbusko99@gmail.com,US,NJ,Parsippany,USD,200.0
2024-02-11 07:16:09+00:00,1000 Drones for Ukraine,Iurii Motornyi,iurii.moto@gmail.com,CA,QC,Montréal,USD,14.760000000000002
2024-02-11 10:29:03+00:00,General,Nataliia Olesiv,danfordcarmen@gmail.com,IT,0,Durham ,USD,18.81
2024-02-11 10:46:06+00:00,General,maryna karabynosh,marinatravel007@yahoo.com,US,NY,Brooklyn,USD,100.93
2024-02-11 10:51:57+00:00,General,Viktoriia Sholkova,wendish.de@gmail.com,DE,0,Berlin,USD,23.64
2024-02-11 11:07:08+00:00,General,Kateryna Podkalenko,kateryna.podkalenko@gmail.com,BE,0,Antwerp ,USD,96.02
2024-02-11 11:24:08+00:00,General,Denis Bulgak,bulgakden@gmail.com,FI,0,Pälkäne,USD,47.76
2024-02-11 11:25:12+00:00,General,ShippingLine.org,svd2000@gmail.com,MX,0,Guadalajara,USD,4.960000000000001
2024-02-11 13:33:46+00:00,General,Olha Boiko,ollhaboiko@gmail.com,PL,0,Krakow,USD,98.46
2024-02-11 16:17:58+00:00,General,Igor Rubets,igor.rubets@gmail.com,CA,QC,N.D.I.P,USD,492.34
2024-02-11 17:32:46+00:00,Mobile Shower Laundry Units,Hendrik Oltmann,das_kruemel_monster@web.de,,0,0,USD,96.02
2024-02-12 07:20:35+00:00,General,Viktoriya Cherpak,pb806bp@yahoo.com,US,WA,Renton,USD,20.0
2024-02-12 07:27:56+00:00,Victory Drones,Viktoriya Cherpak,pb806bp@yahoo.com,US,WA,Renton,USD,20.0
2024-02-12 10:50:17+00:00,General,Lyudmyla Korchevska,ludmilakorchevska@gmail.com,US,VA,Arlington,USD,50.47
2024-02-13 00:56:40+00:00,1000 Drones for Ukraine,Oleh Ilnytzkyj,oilnytzkyj@me.com,CA,AB,Calgary,USD,98.46
2024-02-13 00:58:34+00:00,General,Oleh Ilnytzkyj,oilnytzkyj@me.com,CA,AB,Calgary,USD,98.46
2024-02-13 07:40:17+00:00,General,Kateryna Blom,katya696@yahoo.com,NL,0,Weesp,USD,49.23
2024-02-13 10:09:35+00:00,Victory Drones,Beekeeper-Shop,ukrbeecom@gmail.com,PL,0,Warszawa,USD,96.02
2024-02-13 10:25:53+00:00,General,polina istomina,polina.istomina@gmail.com,GB,0,London,USD,47.76
2024-02-13 11:35:32+00:00,General,Ed Shacklee,eshacklee@earthlink.net,US,DC,Washington,USD,25.24
2024-02-13 20:57:51+00:00,Mobile Shower Laundry Units,Adrienne Choma,achoma732@gmail.com,,0,0,USD,244.53
2024-02-13 21:57:22+00:00,1000 Drones for Ukraine,Viktoriia Bohdanova,vbohdanova@gmail.com,CA,QC,Salaberry-De-Valleyfield,USD,98.46
2024-02-14 00:15:55+00:00,General,Lidiia Ionka,lvivstudy@gmail.com,US,NY,New York,USD,0.49
2024-02-14 03:02:56+00:00,General,Daniel Antonyuk,danielantonyukk@gmail.com,US,WA,Maple Valley,USD,30.0
2024-02-14 10:41:08+00:00,Victory Drones,Kostiantyn Stankevych,kostya.stankevych@me.com,US,WA,Everett,USD,350.0
2024-02-14 11:39:31+00:00,General,Lidiia Ionka,lvivstudy@gmail.com,US,NY,New York,USD,0.49
2024-02-15 20:10:10+00:00,1000 Drones for Ukraine,Roman Bardun,bardunfamily@yahoo.com,PL,0,Kraków,USD,23.64
2024-02-16 10:10:39+00:00,General,Ihor Mudryy,ihor.mudryy@gmail.com,DE,0,Berlin,USD,99.38
2024-02-16 10:14:33+00:00,General,Sven Ruuvet,sven.rufi@gmail.com,,0,0,USD,20.95
2024-02-16 10:56:23+00:00,General,Inna Suima,suimafsp@gmail.com,PL,0,Kępno,USD,96.02
2024-02-16 22:48:41+00:00,Victory Drones,Iurii Vandiak,jurij.v.vdk@gmail.com,SI,0,Maribor,USD,19.69
2024-02-17 03:52:00+00:00,Victory Drones,Andriy Paliy,andriy.paliy42@gmail.com,ES,0,Vigo,USD,19.69
2024-02-17 10:12:44+00:00,Victory Drones,Natalia Zharkova,natsku008@gmail.com,GB,0,Edinburgh,USD,2.97
2024-02-17 11:27:31+00:00,General,Sven Ruuvet,sven.rufi@gmail.com,EE,0,Pärnumaa,USD,47.76
2024-02-17 12:57:23+00:00,General,Lidiia Ionka,lvivstudy@gmail.com,US,NY,New York,USD,0.49
2024-02-17 13:18:47+00:00,Flight to Recovery,Elias Valeri,elias.valeri87@gmail.com,IT,0,Pordenone,USD,29.53
2024-02-17 13:27:45+00:00,Flight to Recovery,Ellen Rado,abuovo2004@gmail.com,US,NJ,Somerville,USD,50.0
2024-02-17 13:54:43+00:00,Victory Drones,Olha Lavoryk,olhalavoryk@gmail.com,DE,0,Karlsruhe,USD,14.760000000000002
2024-02-17 16:03:29+00:00,Victory Drones,Sergiy Pavlenko,sergiy.pavlenko1@gmail.com,US,NJ,Fair Lawn,USD,97.52
2024-02-17 17:45:42+00:00,Mobile Shower Laundry Units,Yevgeniya Afanasenko,eugeniuccia@gmail.com,,0,0,USD,47.76
2024-02-17 17:49:43+00:00,1000 Drones for Ukraine,Yevgeniya Afanasenko,eugeniuccia@gmail.com,GB,0,London,USD,23.64
2024-02-18 01:40:18+00:00,,charles christensen,chas1969@hotmail.com,US,MI,Bad Axe,USD,19.11
2024-02-18 10:10:57+00:00,General,Olga D‘Attoma,olgadattoma@gmail.com,DE,0,Hamburg,USD,47.76
2024-02-18 10:35:33+00:00,Victory Drones,Olexiy Shestakov,olexiys@hotmail.com,US,FL,Palm Harbor,USD,48.51
2024-02-18 11:34:59+00:00,General,Kseniia Dmytriieva,kv.dmitrieva@gmail.com,US,MA,Ashland ,USD,50.47
2024-02-18 11:35:30+00:00,Victory Drones,Yurii Pavlovskyi,yurii.pavlovskyi+paypal@gmail.com,DE,0,Magdeburg,USD,49.23
2024-02-18 16:04:10+00:00,1000 Drones for Ukraine,Olga Liskovych,olgaliskovych@gmail.com,CA,ON,Mississauga,USD,196.93
2024-02-18 19:28:55+00:00,Victory Drones,Iurii Vandiak,jurij.v.vdk@gmail.com,SI,0,Maribor,USD,19.69
2024-02-18 22:02:03+00:00,1000 Drones for Ukraine,Geert Van Weyenbergh,geert.vanweyenbergh@gmail.com,BE,0,Leuven,USD,196.93
2024-02-19 00:28:42+00:00,General,Marta Kostetska,martashlapak@gmail.com,US,CA,Winnetka,USD,100.0
2024-02-19 06:34:50+00:00,General,Iurii Motornyi,iurii.moto@gmail.com,CA,QC,Montreal,USD,9.84
2024-02-19 10:41:02+00:00,General,Robin Boon,robin2@posteo.net,NL,0,Gouda,USD,23.64
2024-02-19 10:46:09+00:00,General,Tetiana Polyvana,tanya.polyvana@gmail.com,UA,0,Kyiv,USD,47.7
2024-02-19 11:17:26+00:00,General,Valentyna Rekkonen,rekkavala2023@gmail.com,GB,0,Farnham,USD,9.93
2024-02-19 11:30:12+00:00,1000 Drones for Ukraine,Veronika Yankovska,vyankovska@gmail.com,CY,0,Strovolos,USD,18.81
2024-02-19 11:40:44+00:00,General,Vladyslava Poltavtseva,vlada1926@gmail.com,PL,0,Poznań,USD,19.87
2024-02-19 19:01:25+00:00,General,Mark Schultz,earthriver@verizon.net,US,MD,Annapolis,USD,1959.71
2024-02-20 00:43:26+00:00,1000 Drones for Ukraine,Eric Browne,lucky_1_08@yahoo.com,US,TN,Ooltewah,USD,150.0
2024-02-20 01:19:06+00:00,1000 Drones for Ukraine,Elena Tisnovsky,ytis@hotmail.com,US,NY,Mamaroneck,USD,150.0
2024-02-20 11:06:59+00:00,General,Michael Levin,mblevin88@gmail.com,US,NJ,Short Hills,USD,70.08
2024-02-20 11:16:14+00:00,General,Fran Jones,celloalto@gmail.com,,0,0,USD,492.34
2024-02-20 11:31:49+00:00,General,Platon Danylov,platondanilov@gmail.com,UA,0,Kovalyn,USD,9.16
2024-02-20 16:59:43+00:00,General,Michael Gulevskiy,gulikbox@gmail.com,UA,0,Kyiv,USD,1969.39
2024-02-21 04:57:34+00:00,Victory Drones,Dzhulyeta Amar,dzhulyeta.amar@yahoo.com,CA,QC,Montreal,USD,72.86
2024-02-21 11:02:29+00:00,General,Anders Lundberg,anders.lundberg@hotmail.com,SE,0,Årsta,USD,23.63
2024-02-21 11:07:24+00:00,General,Olha Boiko,ollhaboiko@gmail.com,PL,0,Krakow,USD,24.84
2024-02-21 11:08:41+00:00,General,Vira Semenova,semenovavira@gmail.com,US,CA,Berkeley,USD,68.12
2024-02-22 11:06:14+00:00,General,Daryna Kviatkivska,darya.patalakh@gmail.com,CY,0,Limassol,USD,19.87
2024-02-22 17:19:19+00:00,General,Ayshe Gemedzhy,ayshegem@yahoo.com,CH,0,Altendorf,USD,98.46
2024-02-22 20:23:38+00:00,General,William Lukashenko,bill@blueskycreativity.com,CA,ON,Toronto,USD,482.06
2024-02-22 20:28:45+00:00,General,Lidiia Ionka,lvivstudy@gmail.com,US,NY,New York,USD,4.41
2024-02-22 23:03:44+00:00,General,Igor Bogdanov,biand@ukr.net,DE,0,Dresden,USD,39.53
2024-02-23 04:11:54+00:00,1000 Drones for Ukraine,Andrei Kurnosov,eugeneburve@gmail.com,US,NY,Brooklyn,USD,48.51
2024-02-23 05:16:54+00:00,General,Dmytro Kulakovskyi,heulwolf@gmail.com,US,VA,Springfield,USD,100.0
2024-02-23 10:52:55+00:00,General,SIXTY1DESIGN,panslavco@gmail.com,CA,BC,N.Vancouver,USD,298.14
2024-02-23 11:05:58+00:00,Victory Drones,Diane Anderson,diatbroughton@hotmail.com,GB,0,Edinburgh,USD,2.97
2024-02-23 12:56:08+00:00,General,CANDY BROWER,candybrower70@gmail.com,US,MA,Groveland,USD,73.02
2024-02-23 15:47:55+00:00,General,VIKTORIYA KLEMENTYEVA,vichkak@gmail.com,US,NJ,Basking Ridge,USD,100.0
2024-02-23 20:01:33+00:00,General,Lidiia Ionka,lvivstudy@gmail.com,US,NY,New York,USD,0.49
2024-02-24 02:02:24+00:00,,PayPal Giving Fund,PPGFUSPay@paypalgivingfund.org,,0,0,USD,727.65
2024-02-24 05:07:59+00:00,Victory Drones,Andriy Paliy,andriy.paliy42@gmail.com,ES,0,Vigo,USD,19.69
2024-02-24 09:22:07+00:00,Mobile Shower Laundry Units,rene Oost,rene.v.ow@gmail.com,,0,0,USD,96.02
2024-02-24 10:45:58+00:00,Flight to Recovery,Plan-H-Analytics,jeffbogey@netscape.net,US,FL,Gulf Breeze,USD,50.0
2024-02-24 12:16:18+00:00,1000 Drones for Ukraine,Federico Rossi,rossifederico88@outlook.it,,0,0,USD,47.76
2024-02-24 12:22:56+00:00,1000 Drones for Ukraine,Paolo Rolla,paolorolla.86@gmail.com,,0,0,USD,28.46
2024-02-24 12:42:42+00:00,1000 Drones for Ukraine,mattia rodente,mattia.rodente@gmail.com,,0,0,USD,23.64
2024-02-24 12:53:17+00:00,1000 Drones for Ukraine,Cosmin Radu Galu,cosmingalu@gmail.com,,0,0,USD,23.64
2024-02-24 12:57:58+00:00,1000 Drones for Ukraine,Luigi Daniele,luigi.daniele@outlook.it,,0,0,USD,76.72
2024-02-24 14:38:00+00:00,,Alberto Serena,albi.serena@outlook.it,IT,0,Samarate,USD,4.34
2024-02-24 14:39:38+00:00,General,Anastasiia Rybytska,arybytska@gmail.com,US,VA,Alexandria,USD,48.51
2024-02-24 15:11:06+00:00,,Danilo El Mountassir,dan.elmountassir@gmail.com,IT,0,Castellana Grotte,USD,9.53
2024-02-24 15:11:21+00:00,1000 Drones for Ukraine,ALESSIO POZZI,apepozzi3@gmail.com,IT,0,Pregnana Milanese,USD,8.85
2024-02-24 15:13:16+00:00,,Francesco Saverio De Marchi,demarchi.save@gmail.com,IT,0,Cervignano Del Friuli,USD,9.53
2024-02-24 15:16:42+00:00,1000 Drones for Ukraine,Matteo Malagugini,matteomalagugini@hotmail.it,,0,0,USD,47.76
2024-02-24 15:29:09+00:00,,Niccolò Zanini,niccolo.zanini@gmail.com,IT,0,Negrone,USD,4.5200000000000005
2024-02-24 15:30:31+00:00,,Christopher Vasques,christofervasques97@gmail.com,IT,0,Vigevano,USD,1.1
2024-02-24 16:11:51+00:00,General,Andrii Danchenko,adanchenko832@gmail.com,UA,0,Вінниця,USD,4.91
2024-02-24 16:14:27+00:00,1000 Drones for Ukraine,alex bygate,naporsokapo@hotmail.com,,0,0,USD,9.16
2024-02-24 18:49:40+00:00,1000 Drones for Ukraine,George Leone,gsleone@comcast.net,US,NJ,Haddonfield,USD,734.58
2024-02-24 19:30:10+00:00,General,Ellen Kats,athosesk@gmail.com,US,CA,San Francisco,USD,100.0
2024-02-24 19:56:05+00:00,1000 Drones for Ukraine,Mirko Berlusconi,kobdeb@keepit.site,,0,0,USD,96.02
2024-02-24 21:41:50+00:00,General,Oleh Ilnytzkyj,oilnytzkyj@me.com,CA,AB,Calgary,USD,196.93
2024-02-24 22:55:23+00:00,1000 Drones for Ukraine,Emanuele DAuria,emanueledauria.eu@gmail.com,,0,0,USD,1.44
2024-02-25 00:15:30+00:00,1000 Drones for Ukraine,Tatiana Vorozhko,TetianaV@gmail.com,US,VA,Falls Church,USD,200.0
2024-02-25 04:33:14+00:00,General,Elena Zusmanovich,elenaz1@yahoo.com,US,CA,San Francisco,USD,120.0
2024-02-25 07:45:47+00:00,General,Viktoriya Cherpak,pb806bp@yahoo.com,US,WA,Renton,USD,50.0
2024-02-25 09:01:12+00:00,1000 Drones for Ukraine,Marco SperanzaMarco Speranza,speranza.wix@gmail.comsperanza.wix@gmail.com,,0,0,USDUSD,8.68
2024-02-25 09:41:57+00:00,1000 Drones for Ukraine,Pierluigi OlgiatiPierluigi Olgiati,chiccolgiati@gmail.comchiccolgiati@gmail.com,,0,0,USDUSD,18.32
2024-02-25 10:46:34+00:00,General,Elias Valeri,elias.valeri87@gmail.com,IT,0,Pordenone,USD,18.71
2024-02-25 11:19:00+00:00,1000 Drones for Ukraine,Laura SgariotoLaura Sgarioto,laura.sgarioto@gmail.comlaura.sgarioto@gmail.com,,0,0,USDUSD,18.32
2024-02-25 12:46:49+00:00,Victory Drones,oleksiy sluchynskyy,asluch@hotmail.com,US,DC,Washington,USD,200.0
2024-02-25 14:00:58+00:00,1000 Drones for Ukraine,Marco Beretta,marco-ber@tiscali.it,IT,0,Brugherio,USD,9.16
2024-02-25 14:29:10+00:00,1000 Drones for Ukraine,Giacomo ZavatteriGiacomo Zavatteri,giacomozavatteri@libero.itgiacomozavatteri@libero.it,,0,0,USDUSD,8.68
2024-02-25 15:04:12+00:00,1000 Drones for Ukraine,adriana pepeadriana pepe,adriana.pepe@intesasanpaolo.comadriana.pepe@intesasanpaolo.com,,0,0,USDUSD,192.04
2024-02-25 16:39:48+00:00,1000 Drones for Ukraine,Edoardo Giovanni canepaEdoardo Giovanni canepa,edo_cnp@hotmail.comedo_cnp@hotmail.com,,0,0,USDUSD,8.68
2024-02-25 17:47:12+00:00,General,Lidiia Ionka,lvivstudy@gmail.com,US,NY,New York,USD,2.45
2024-02-25 18:21:15+00:00,1000 Drones for Ukraine,Ettore MenguzzoEttore Menguzzo,me@ettoremenguzzo.comme@ettoremenguzzo.com,,0,0,USDUSD,47.28
2024-02-25 18:34:21+00:00,Victory Drones,Dmytriy Bukhanevych,dmitriy.toros@gmail.com,UA,0,Kyiv,USD,28.46
2024-02-25 18:42:30+00:00,General,Irena Kramarchuk,ikotsko@yahoo.com,US,NJ,Berkeley Heights,USD,1469.66
2024-02-25 21:32:15+00:00,General,Olena Badakh-Kozlowicz,o.badakh-kozlowicz@web.de,DE,0,München,USD,9.16
2024-02-26 09:29:10+00:00,Victory Drones,Gunnar Lange,gunnar.lange@gs.com,GB,0,No City Provided,USD,289.04
2024-02-26 10:36:04+00:00,1000 Drones for Ukraine,marco pasquale paleari,marcopaleari@hotmail.com,,0,0,USD,23.64
2024-02-26 10:59:35+00:00,General,Nataliia Maievska,maievska.senyuta@gmail.com,US,HI,Honokaa,USD,28.91
2024-02-26 12:16:23+00:00,General,Dario Joyeusaz,dariojoy@tiscali.it,IT,0,Chatillon,USD,75.81
2024-02-26 18:16:16+00:00,1000 Drones for Ukraine,Hanna Pryshlyak,hannapryshlyak@gmail.com,,0,0,USD,96.02
2024-02-26 19:14:15+00:00,1000 Drones for Ukraine,Antonio Mezzanotte,mezzanotte75@gmail.com,,0,0,USD,96.02
2024-02-26 21:59:46+00:00,,0,0,,0,0,EURUSD,395.65
2024-02-26 23:53:41+00:00,General,Lidiia Ionka,lvivstudy@gmail.com,US,NY,New York,USD,0.49
2024-02-27 00:44:56+00:00,1000 Drones for Ukraine,Giacomo Zavatteri,giacomozavatteri@libero.it,,0,0,USD,4.34
2024-02-27 01:49:00+00:00,General,OREST WALCHUK,OWALCHUK@COMCAST.NET,US,NJ,Pittstown,USD,146.52
2024-02-27 10:33:56+00:00,Victory Drones,Olga Westfall,olgawestfall77@gmail.com,,0,0,USD,100.93
2024-02-27 13:34:25+00:00,General,Lidiia Ionka,lvivstudy@gmail.com,US,NY,New York,USD,0.49
2024-02-27 18:42:52+00:00,,Roberta Prato Previde,roberta.pratoprevide@icloud.com,,0,0,USD,51.89
2024-02-27 19:38:36+00:00,General,Vasylyna Berezna,vasylyna.berezna@web.de,DE,0,Mülheim An Der Ruhr ,USD,196.93
2024-02-27 20:58:36+00:00,1000 Drones for Ukraine,Raffaele Ferro,raferro@yahoo.it,,0,0,USD,47.76
2024-02-27 22:59:59+00:00,General,Nataliia Tsukanova,ts.nataliia@gmail.com,UA,0,Kyiv,USD,81.54
2024-02-28 07:53:50+00:00,1000 Drones for Ukraine,Oksana Leviceva,leviks751@gmail.com,,0,0,USD,9.16
2024-02-28 10:00:43+00:00,General,ANDREI ABRAMOV,53seasons@gmail.com,US,MD,Owings Mills,USD,50.47
2024-02-28 10:13:23+00:00,Victory Drones,vira Shcherbyuk,virok21@gmail.com,US,IL,Elmwood Park,USD,28.91
2024-02-28 10:31:18+00:00,General,Yevgen Garbarenko,y.garbarenko@gmail.com,DE,0,Mannheim,USD,4.960000000000001
2024-02-28 10:40:37+00:00,General,Eva Horbenko,eva.horbenko@gmail.com,UA,0,Berlin,USD,9.93
2024-02-28 11:24:05+00:00,General,Halyna Eckart,halyna.eckart@gmx.de,DE,0,Freiburg Im Breisgau,USD,149.07
2024-02-28 11:28:09+00:00,General,Vladyslava Kovbasa,vlada@oldstlabs.com,LU,0,Bollendorf-Pont,USD,9.84
2024-02-28 16:12:07+00:00,1000 Drones for Ukraine,Crescenzo Garofalo,giorgy2garofalo@gmail.com,,0,0,USD,47.76
2024-02-28 18:09:53+00:00,Victory Drones,Constantin Cocirta,constantincocirta78@gmail.com,IT,0,Capriate San Gervasio,USD,9.84
2024-02-28 21:36:14+00:00,1000 Drones for Ukraine,Eugenio Poli,polieugenio77@gmail.com,,0,0,USD,23.64
2024-02-29 00:13:41+00:00,General,Kseniia Koshykova,kseniyasa@gmail.com,US,WA,Kenmore,USD,28.91
2024-02-29 00:27:44+00:00,General,Ira Kolomiets,ira.kolomiets@gmail.com,US,WA,Tacoma,USD,30.0
2024-02-29 01:40:11+00:00,1000 Drones for Ukraine,Nataliia Takhmazova,tahmazovanatala@gmail.com,US,AZ,Queen Creek,USD,75.0
2024-02-29 04:27:48+00:00,,Piotr Hlushen,ph.netdevelop@gmail.com,US,PA,Bensalem,USD,9.31
2024-02-29 06:11:25+00:00,General,Natalia Pigura,natalia.pigura@gmail.com,US,WA,Issaquah,USD,48.51
2024-02-29 06:37:00+00:00,General,Liubov Uzik,liubov.uzik@gmail.com,US,WA,Bothell,USD,30.0
2024-02-29 09:11:19+00:00,1000 Drones for Ukraine,Giorgio Venuti,gvenuti1@gmail.com,,0,0,USD,9.16
2024-02-29 10:03:48+00:00,General,Юрий Кравчук,flex301@gmail.com,UA,0,Днепропетровск,USD,5.3
2024-02-29 10:31:58+00:00,General,Mikhail Pereiaslavski,mpereiaslavski@gmail.com,AU,0,Homebush West,USD,99.38
2024-02-29 11:44:28+00:00,General,Yana Prystupa,yanaprystupa@gmail.com,US,CA,El Cerrito,USD,195.53
2024-02-29 18:22:58+00:00,General,carlo iacomoni,carlokiev@yahoo.it,IT,0,Cagliari,USD,47.76
2024-02-29 18:34:48+00:00,1000 Drones for Ukraine,Luca Lorenzini,luca.lorenz1991@gmail.com,,0,0,USD,47.76
2024-02-29 19:19:50+00:00,Flight to Recovery,ALESSIO POZZI,apepozzi3@gmail.com,IT,0,Pregnana Milanese,USD,9.84
2024-03-01 02:10:59+00:00,Flight to Recovery,Svitlana Tsukanova,svitlana.tsukanova@gmail.com,US,TX,San Antonio,USD,50.0
2024-03-01 06:43:53+00:00,1000 Drones for Ukraine,Anastasiia Bielka,byelka544@gmail.com,US,WA,Lynnwood,USD,25.0
2024-03-01 10:05:31+00:00,General,Oleksandra Zapolska,hi_sasha_glasha@yahoo.de,DE,0,Duisburg,USD,19.69
2024-03-01 11:48:59+00:00,1000 Drones for Ukraine,Tetiana Ruzhylo,ruzhylotanya@gmail.com,DE,0,Mainz,USD,24.84
2024-03-01 14:27:49+00:00,General,Olha Lavoryk,olhalavoryk@gmail.com,DE,0,Karlsruhe,USD,24.610000000000003
2024-03-01 15:32:56+00:00,General,Paradise,paradise.erurizine@gmail.com,CA,ON,Ottawa,USD,59.08
2024-03-01 16:25:45+00:00,1000 Drones for Ukraine,Elena Tkachenko,7elena.tkachenko@gmail.com,US,WA,Woodinville,USD,10.0
2024-03-01 16:45:05+00:00,General,Nicholas Pinhey,nicholas.pinhey@ntlworld.com,GB,0,Cambridge,USD,192.53
2024-03-01 17:38:01+00:00,1000 Drones for Ukraine,Rocca Antonio,arocca2004@gmail.com,,0,0,USD,23.64
2024-03-01 20:40:27+00:00,General,Irene Cherni,irene.cherni@gmail.com,US,AZ,Scottsdale,USD,50.0
2024-03-01 21:29:29+00:00,General,Sviatoslav Yesipov,svyatesipov@gmail.com,CA,BC,Vancouver,USD,482.06
2024-03-02 00:39:33+00:00,1000 Drones for Ukraine,CRISTINA FRANCESCA MODICA,cristina.modica@gmail.com,,0,0,USD,96.02
2024-03-02 01:58:34+00:00,1000 Drones for Ukraine,Kateryna Masiuk,kmasiuk91@gmail.com,US,WA,Bellevue,USD,50.0
2024-03-02 02:53:44+00:00,1000 Drones for Ukraine,Nataly Barysh,natalybarysh@yahoo.com,CA,ON,Mississauga,USD,96.02
2024-03-02 05:07:31+00:00,Victory Drones,Andriy Paliy,andriy.paliy42@gmail.com,ES,0,Vigo,USD,29.53
2024-03-02 10:10:48+00:00,1000 Drones for Ukraine,Orest Chornij,orest@comcast.net,US,MI,West Bloomfield,USD,10.0
2024-03-02 10:41:42+00:00,General,Yevgen Garbarenko,y.garbarenko@gmail.com,DE,0,Mannheim,USD,9.84
2024-03-02 10:44:40+00:00,General,Artem Timchenko,bedankt7@gmail.com,BE,0,Sint-Amandsberg,USD,98.46
2024-03-02 10:57:13+00:00,1000 Drones for Ukraine,Serghei Troscenco,trolyara42@gmail.com,MD,0,Chisinau,USD,10.93
2024-03-02 11:42:45+00:00,General,Serghei Troscenco,trolyara42@gmail.com,MD,0,Chisinau,USD,11.92
2024-03-02 12:17:59+00:00,1000 Drones for Ukraine,Andriy Kostiv,andriy.kostiv@gmail.com,US,PA,Philadelphia,USD,200.0
2024-03-02 18:50:36+00:00,Victory Drones,John-David Duncan,johndavidduncan@hotmail.com,CA,QC,Montréal,USD,33.29
2024-03-02 21:28:28+00:00,General,Roman Bardun,bardunfamily@gmail.com,PL,0,Kraków,USD,23.64
2024-03-03 10:38:47+00:00,Victory Drones,SARUNAS URBONAS,SARUNASU@COX.NET,US,CT,Newington,USD,50.0
2024-03-03 10:57:23+00:00,General,Olha BoikoOlha Boiko,ollhaboiko@gmail.comollhaboiko@gmail.com,PLPL,0,KrakowKrakow,USDUSD,59.62
2024-03-03 12:41:30+00:00,General,Lidiia Ionka,lvivstudy@gmail.com,US,NY,New York,USD,19.11
2024-03-03 20:01:47+00:00,General,Vasylyna BereznaVasylyna Berezna,vasylyna.berezna@web.devasylyna.berezna@web.de,DEDE,0,Mülheim An Der Ruhr Mülheim An Der Ruhr ,USDUSD,196.92
2024-03-04 03:48:59+00:00,1000 Drones for Ukraine,Liliia Khomych,liliia.khomych@gmail.com,US,WA,Everett,USD,19.11
2024-03-04 10:15:44+00:00,Victory Drones,Mikhail Pereiaslavski,mpereiaslavski@gmail.com,AU,0,Homebush West,USD,99.38
2024-03-04 11:15:28+00:00,General,Ruslan Monchuk,monchuk@gmail.com,DE,0,Hilden,USD,24.84
2024-03-04 11:35:01+00:00,Flight to Recovery,ANDREI ABRAMOV,53seasons@gmail.com,US,MD,Owings Mills,USD,50.47
2024-03-04 11:36:28+00:00,Flight to Recovery,Mikhail Pereiaslavski,mpereiaslavski@gmail.com,AU,0,Homebush West,USD,99.38
2024-03-04 13:49:41+00:00,Victory Drones,Olga Gaponchuk,ogaponchuk1@gmail.com,GB,0,Bristol,USD,116.23
2024-03-04 14:42:58+00:00,Mobile Shower Laundry Units,Patrick DeCarlo,patrickd@blbglaw.com,,0,0,USD,97.52
2024-03-04 17:46:47+00:00,General,Solveig Voss,scvoss@posteo.de,CA,ON,Guelph,USD,47.76
2024-03-04 18:23:06+00:00,1000 Drones for Ukraine,Oleg Solomka,legomushroom@gmail.com,US,WA,Kirkland,USD,14.21
2024-03-04 20:19:00+00:00,General,Olena Kudlai,olena.kudlai@gamtc.lt,LT,0,Vilnius,USD,9.16
2024-03-04 22:08:34+00:00,General,POLINA ISTOMINA,polina.istomina@gmail.com,GB,0,London,USD,337.29
2024-03-05 03:40:30+00:00,,Bohdana Kruk-Weidner,bohdana.krukweidner@gmail.com,,0,0,EUR,100.0
2024-03-05 10:30:08+00:00,General,Tom Preisser,tom@ecoflight.com,US,ME,Wells,USD,14.21
2024-03-05 10:35:39+00:00,Victory Drones,Evgen Omelianenko,gureur.kiev@gmail.com,UA,0,Kyiv,USD,18.81
2024-03-05 21:34:00+00:00,General,Yulia OConnell,bookjulia76@icloud.com,US,NY,Brooklyn,USD,5.0
2024-03-05 23:08:40+00:00,General,Lidiia Ionka,lvivstudy@gmail.com,US,NY,New York,USD,0.49
2024-03-06 10:52:15+00:00,General,Margaryta Baumann-Gaydarzhy,m.gaydarzhy@gmail.com,DE,0,Jossgrund,USD,4.34
2024-03-06 12:27:53+00:00,General,Lidiia Ionka,lvivstudy@gmail.com,US,NY,New York,USD,0.49
2024-03-06 20:35:18+00:00,General,Kateryna Blom,katya696@yahoo.com,NL,0,Weesp,USD,49.23
2024-03-07 00:15:46+00:00,1000 Drones for Ukraine,Paolo Anzellotti,p.anzellotti@gmail.com,,0,0,USD,47.76
2024-03-07 00:34:27+00:00,1000 Drones for Ukraine,Oleksandrk09,oleksandrk09@gmail.com,US,WA,Seattle,USD,50.0
2024-03-07 06:08:07+00:00,1000 Drones for Ukraine,Olena Khomenko,ol.khmk@gmail.com,US,WA,Bothell,USD,19.11
2024-03-07 10:25:20+00:00,General,Julia Shchukina,shchukina.julia@gmail.com,DE,0,Bad Soden ,USD,69.0
2024-03-07 10:59:19+00:00,General,Dmitry Chernysh,dmitry.chernysh@icloud.com,AU,0,Brunswick East,USD,19.69
2024-03-07 11:29:52+00:00,General,Anna Filonenko,anna.filonenko@yahoo.com,US,IL,Vernon Hills,USD,25.24
2024-03-07 19:31:44+00:00,Victory Drones,Lyudmyla Fouilleul,lyudmyla.fouilleul@gmail.com,FR,0,Ruy,USD,98.46
2024-03-07 20:00:58+00:00,1000 Drones for Ukraine,Svitlana Seymova,sseymova@gmail.com,US,WA,Bothell,USD,10.0
2024-03-08 00:07:19+00:00,General,Lidiia Ionka,lvivstudy@gmail.com,US,NY,New York,USD,0.49
2024-03-08 00:53:26+00:00,Victory Drones,Fran Jones,celloalto@gmail.com,,0,0,USD,984.68
2024-03-08 02:16:18+00:00,General,Yelena Zotova,yxz33@psu.edu,US,PA,State College,USD,50.0
2024-03-08 05:48:10+00:00,General,Iurii Motornyi,iurii.moto@gmail.com,CA,QC,Montréal,USD,14.760000000000002
2024-03-08 16:06:35+00:00,General,Vladimir Sevastyanov,vgs.12345@gmail.com,US,TX,Fort Worth,USD,100.0
2024-03-08 21:10:20+00:00,1000 Drones for Ukraine,Dmitry Lapenkov,lapenkov@mail.com,US,NJ,Fort Lee,USD,15.0
2024-03-08 21:16:36+00:00,Victory Drones,Shannon Stipe,scs602003@yahoo.com,US,KS,Prairie Village ,USD,50.0
2024-03-08 21:23:21+00:00,Mobile Shower Laundry Units,Shannon Stipe,scs602003@yahoo.com,,0,0,USD,48.51
2024-03-08 22:12:34+00:00,,Elena Tkachenko,7elena.tkachenko@gmail.com,US,WA,Woodinville,USD,9.31
2024-03-08 23:14:34+00:00,1000 Drones for Ukraine,Oleh Ilnytzkyj,oilnytzkyj@me.com,CA,AB,Calgary,USD,98.46
2024-03-08 23:15:05+00:00,1000 Drones for Ukraine,Marina Stasenko,marina.stasenko@gmail.com,US,NY,Brooklyn,USD,97.52
2024-03-08 23:25:04+00:00,1000 Drones for Ukraine,Gregory Lewis,gclewis@tl-com.com,US,MI,Northville,USD,97.52
2024-03-08 23:42:52+00:00,1000 Drones for Ukraine,Andreas Hölzl,ahoelzl23@googlemail.com,DE,0,München,USD,98.46
2024-03-09 01:16:23+00:00,1000 Drones for Ukraine,Igor Tumasov,airtuma@gmail.com,US,NY,New York,USD,25.0
2024-03-10 03:42:34+00:00,1000 Drones for Ukraine,Eric Browne,lucky_1_08@yahoo.com,US,TN,Ooltewah,USD,200.0
2024-03-10 08:21:50+00:00,1000 Drones for Ukraine,Irina Dragoi,irinadragoi@ymail.com,,0,0,USD,23.64
2024-03-10 09:09:43+00:00,,Roberta Prato Previde,roberta.pratoprevide@icloud.com,,0,0,USD,104.8
2024-03-10 10:00:39+00:00,General,Khrystyna Chelak,khrystyna.chelak@gmail.com,GB,0,Reading,USD,147.70000000000002
2024-03-10 10:42:31+00:00,General,Sofiia Nakonechna,nakonechnasonya@gmail.com,DE,0,Marburg,USD,29.81
2024-03-10 11:45:47+00:00,General,FetchRSS,contact@fetchrss.com,EE,0,Mykolaiv,USD,98.46
2024-03-10 14:58:32+00:00,1000 Drones for Ukraine,Andrea Luisi,luisiandrea.02@gmail.com,,0,0,USD,40.04
2024-03-10 17:42:54+00:00,1000 Drones for Ukraine,arianne mijnlieff,ariannemijnlieff@gmail.com,IT,0,Roma,USD,23.64
2024-03-10 22:30:54+00:00,Victory Drones,Albert Jeroen Trotz,basekern@protonmail.com,NL,0,Schoorl,USD,984.68
2024-03-11 04:05:04+00:00,General,Ostap Korostynakyy,korostynskyyyo@gmail.com,US,NY,Ridgewood,USD,2449.76
2024-03-11 04:10:45+00:00,General,Andriana Matviyishyn,andriana.matviyishyn@gmail.com,US,NJ,Jersey City,USD,2449.76
2024-03-11 10:12:52+00:00,General,Nataliia Olesiv,danfordcarmen@gmail.com,IT,0,Durham ,USD,18.81
2024-03-11 10:29:29+00:00,General,ShippingLine.org,svd2000@gmail.com,MX,0,Guadalajara,USD,4.960000000000001
2024-03-11 10:34:27+00:00,General,Kateryna Podkalenko,kateryna.podkalenko@gmail.com,BE,0,Antwerp ,USD,96.02
2024-03-11 11:14:13+00:00,General,Viktoriia Sholkova,wendish.de@gmail.com,DE,0,Berlin,USD,23.64
2024-03-11 11:31:08+00:00,General,Denis Bulgak,bulgakden@gmail.com,FI,0,Pälkäne,USD,47.76
2024-03-11 11:38:21+00:00,General,maryna karabynosh,marinatravel007@yahoo.com,US,NY,Brooklyn,USD,100.93
2024-03-11 13:38:34+00:00,1000 Drones for Ukraine,Anne Essenhigh,anniabynia@gmail.com,US,NY,New York,USD,300.0
2024-03-12 04:31:16+00:00,1000 Drones for Ukraine,Liubov Uzik,liubov.uzik@gmail.com,US,WA,Bothell,USD,20.0
2024-03-12 07:57:05+00:00,1000 Drones for Ukraine,Yevgeniya Afanasenko,eugeniuccia@gmail.com,GB,0,London,USD,96.02
2024-03-12 11:40:59+00:00,General,Lyudmyla Korchevska,ludmilakorchevska@gmail.com,US,VA,Arlington,USD,50.47
2024-03-12 16:44:22+00:00,1000 Drones for Ukraine,andrey mykich,ammykich@yahoo.com,US,PA,Jenkintown,USD,100.0
2024-03-13 01:01:19+00:00,General,Fran Jones,celloalto@gmail.com,,0,0,USD,984.68
2024-03-13 02:00:16+00:00,1000 Drones for Ukraine,Ihor Marushchak,ihor.marushchak@gmail.com,US,NY,New York,USD,979.61
2024-03-13 10:24:38+00:00,General,Ed Shacklee,eshacklee@earthlink.net,US,DC,Washington,USD,25.24
2024-03-13 10:48:47+00:00,General,polina istomina,polina.istomina@gmail.com,GB,0,London,USD,47.76
2024-03-13 10:54:00+00:00,General,Kseniia Dmytriieva,kv.dmitrieva@gmail.com,US,MA,Ashland ,USD,50.47
2024-03-13 18:17:31+00:00,General,Stephane HEMAR,stephane.hemar@laposte.net,FR,0,Saint-Cyr/Mer,USD,47.76
2024-03-13 22:11:27+00:00,General,Igor Bogdanov,biand@ukr.net,DE,0,Dresden,USD,33.29
2024-03-13 22:59:35+00:00,General,Lidiia Ionka,lvivstudy@gmail.com,US,NY,New York,USD,4.41
2024-03-14 05:56:13+00:00,Victory Drones,Martin Paff,martin.paff@hoergold.de,DE,0,Berlin,USD,47.76
2024-03-14 09:58:41+00:00,General,Ryan S.Q. van der Vlies,rsqvdv@gmail.com,NL,0,Rotterdam,USD,4.91
2024-03-14 10:37:14+00:00,Victory Drones,Kostiantyn Stankevych,kostya.stankevych@me.com,US,WA,Everett,USD,350.0
2024-03-14 11:29:44+00:00,General,timothy barnett,timbar@hotmail.co.uk,GB,0,Connahs Quay,USD,9.16
2024-03-14 13:32:33+00:00,General,Lidiia Ionka,lvivstudy@gmail.com,US,NY,New York,USD,1.47
2024-03-14 15:07:39+00:00,General,mariano zacsek,ushark140@yahoo.com,CA,BC,Whistler,USD,48.25
2024-03-14 15:23:29+00:00,Victory Drones,Eric Wanecque,ericwanecque@yahoo.fr,FR,0,Draveil,USD,28.46
2024-03-14 19:27:41+00:00,Victory Drones,Dmytro Karamshuk,karamshuk@gmail.com,GB,0,Torquay,USD,96.02
2024-03-14 19:34:37+00:00,Victory Drones,William Welsh,will_welsh@yahoo.co.uk,GB,0,Blairhall,USD,14.760000000000002
2024-03-14 20:32:21+00:00,General,Olga Figman,olgafg@hotmail.com,US,IL,Wilmette,USD,250.0
2024-03-14 21:56:05+00:00,Victory Drones,RailBandit LLC,intheswim@gmail.com,US,CA,Redlands,USD,24.01
2024-03-15 21:25:01+00:00,1000 Drones for Ukraine,W Jefferson Holt,jeffersonholt@me.com,US,NC,Carrboro,USD,100.0
2024-03-15 23:21:42+00:00,General,Alina Retman,retmanalina@gmail.com,ES,0,Candelaria,USD,96.02
2024-03-16 10:01:44+00:00,General,Sven Ruuvet,sven.rufi@gmail.com,,0,0,USD,20.95
2024-03-16 10:25:36+00:00,General,Inna Suima,suimafsp@gmail.com,PL,0,Kępno,USD,96.02
2024-03-16 11:37:10+00:00,General,Ihor Mudryy,ihor.mudryy@gmail.com,DE,0,Berlin,USD,99.38
2024-03-16 20:03:42+00:00,General,Lidiia Ionka,lvivstudy@gmail.com,US,NY,New York,USD,1.47
2024-03-16 20:53:48+00:00,General,Oleksandr Fesak,alex_f.ms@outlook.com,SE,0,Stockholm,USD,96.02
2024-03-17 00:50:54+00:00,General,Dmytro Kulakovskyi,heulwolf@gmail.com,US,VA,Springfield,USD,979.61
2024-03-17 02:09:32+00:00,General,Iconic Wine Tours,peterbowers@me.com,US,CA,Napa,USD,50.0
2024-03-17 10:17:27+00:00,Victory Drones,Chris Purkiss,chrispurkiss2@gmail.com,GB,0,Croydon,USD,49.22
2024-03-17 10:27:47+00:00,General,Sven Ruuvet,sven.rufi@gmail.com,EE,0,Pärnumaa,USD,47.76
2024-03-17 10:35:55+00:00,Victory Drones,Natalia Zharkova,natsku008@gmail.com,GB,0,Edinburgh,USD,2.97
2024-03-17 11:05:23+00:00,1000 Drones for Ukraine,paolo pontarollo,paolo.mp@tiscali.it,,0,0,USD,9.16
2024-03-17 13:42:34+00:00,1000 Drones for Ukraine,Federico  Catalano,federicocatalano95@gmail.com,,0,0,USD,23.64
2024-03-17 14:45:37+00:00,General,Lidiia Ionka,lvivstudy@gmail.com,US,NY,New York,USD,1.47
2024-03-17 23:25:54+00:00,1000 Drones for Ukraine,Stanislav Demohko,sdemochko@yahoo.com,US,PA,Lake Ariel,USD,97.52
2024-03-18 08:30:58+00:00,Victory Drones,Julian Lang,lang-julian@t-online.de,,0,0,USD,49.23
2024-03-18 10:32:50+00:00,General,Lidiia Ionka,lvivstudy@gmail.com,US,NY,New York,USD,0.49
2024-03-18 11:17:55+00:00,General,Olga D‘Attoma,olgadattoma@gmail.com,DE,0,Hamburg,USD,47.76
2024-03-18 11:24:45+00:00,Victory Drones,Olexiy Shestakov,olexiys@hotmail.com,US,FL,Palm Harbor,USD,48.51
2024-03-18 13:23:21+00:00,1000 Drones for Ukraine,Nikolay Mikhalchuk,nikomikhal@gmail.com,US,NY,Brooklyn,USD,100.0
2024-03-18 16:12:52+00:00,1000 Drones for Ukraine,Olga Liskovych,olgaliskovych@gmail.com,CA,ON,Mississauga,USD,196.93
2024-03-18 20:04:49+00:00,Victory Drones,Nadia Poluha,nadia-e-p@outlook.com,CA,0,Montreal,USD,337.29
2024-03-18 20:28:48+00:00,1000 Drones for Ukraine,pierettore tredici,pierotredici@yahoo.it,,0,0,USD,240.78
2024-03-19 10:17:52+00:00,General,Valentyna Rekkonen,rekkavala2023@gmail.com,GB,0,Farnham,USD,9.93
2024-03-19 10:56:00+00:00,General,Vladyslava Poltavtseva,vlada1926@gmail.com,PL,0,Poznań,USD,19.87
2024-03-20 10:22:12+00:00,General,Michael Levin,mblevin88@gmail.com,US,NJ,Short Hills,USD,70.08
2024-03-20 10:33:32+00:00,General,Platon Danylov,platondanilov@gmail.com,UA,0,Kovalyn,USD,9.16
2024-03-20 15:28:52+00:00,Victory Drones,Yurii Pavlovskyi,yurii.pavlovskyi+paypal@gmail.com,DE,0,Magdeburg,USD,49.23
2024-03-20 22:22:55+00:00,Victory Drones,Lubomyra Petriv,lpetriv@sbcglobal.net,US,IL,Chicago,USD,30.0
2024-03-21 10:10:17+00:00,General,Anders Lundberg,anders.lundberg@hotmail.com,SE,0,Årsta,USD,23.63
2024-03-21 10:21:39+00:00,General,Olha Boiko,ollhaboiko@gmail.com,PL,0,Krakow,USD,24.84
2024-03-21 11:15:42+00:00,General,Lidiia Ionka,lvivstudy@gmail.com,US,NY,New York,USD,1.47
2024-03-21 11:26:47+00:00,General,Vira Semenova,semenovavira@gmail.com,US,CA,Berkeley,USD,68.12
2024-03-21 12:43:26+00:00,General,Luis Mühlhoff,luis.m.2000@web.de,DE,0,Berlin,USD,18.81
2024-03-21 13:36:28+00:00,Victory Drones,Kateryna Blom,katya696@yahoo.com,NL,0,Weesp,USD,49.23
2024-03-21 18:09:36+00:00,General,Daniel Fiumicelli,daniel.fiumicelli@gmail.com,IT,0,Galliate,USD,9.16
